anio,mes,alimento,valor
2015,02,Ahuyama,683
2015,02,Arveja verde en vaina,2158
2015,02,Cebolla cabezona blanca,753
2015,02,Cebolla junca,1048
2015,02,Chócolo mazorca,685
2015,02,Habichuela,1800
2015,02,Lechuga Batavia,561
2015,02,Pepino cohombro,830
2015,02,Pimentón,1624
2015,02,Remolacha,588
2015,02,Tomate*,1358
2015,02,Zanahoria,783
2015,02,Aguacate *,3900
2015,02,Banano*,606
2015,02,Coco,1500
2015,02,Granadilla,2089
2015,02,Guayaba pera,1104
2015,02,Limón Tahití,658
2015,02,Lulo,1700
2015,02,Mandarina*,2652
2015,02,Mango Tommy,1283
2015,02,Manzana verde importada,3947
2015,02,Maracuyá,2172
2015,02,Melón Cantalup,1165
2015,02,Mora de Castilla,1897
2015,02,Naranja Valencia,686
2015,02,Papaya maradol,1235
2015,02,Piña *,851
2015,02,Tomate de árbol,1494
2015,02,Arracacha*,649
2015,02,Papa negra*,1141
2015,02,Papa criolla,855
2015,02,Plátano guineo,n.d.
2015,02,Plátano hartón verde,875
2015,02,Yuca*,968
2015,02,Arroz de primera,3049
2015,02,Arveja verde seca importada,2100
2015,02,Fríjol seco*,3688
2015,02,Garbanzo importado,n.d.
2015,02,Lenteja importada,2990
2015,02,Maíz amarillo*,1053
2015,02,Huevo rojo AA,240
2015,02,Queso costeño,8825
2015,02,"Carne de cerdo, lomo sin hueso",12767
2015,02,"Carne de res, lomo sin hueso",n.d.
2015,02,Pechuga de pollo,6933
2015,02,Bocachico importado congelado,6392
2015,02,Aceite vegetal mezcla,4594
2015,02,Azúcar sulfitada,1628
2015,02,Galletas saladas 3 tacos,8029
2015,02,Harina de trigo,2347
2015,02,Harina precocida de maíz,2196
2015,02,Margarina,13700
2015,02,Panela*,0
2015,02,Pastas alimenticias,4750
2015,02,Salsa de tomate doy pack,13458
2015,03,Ahuyama,594
2015,03,Arveja verde en vaina,2901
2015,03,Cebolla cabezona blanca,1025
2015,03,Cebolla junca,1088
2015,03,Chócolo mazorca,674
2015,03,Habichuela,1577
2015,03,Pepino cohombro,556
2015,03,Pimentón,1213
2015,03,Remolacha,802
2015,03,Tomate*,1196
2015,03,Zanahoria,865
2015,03,Aguacate *,4587
2015,03,Banano*,623
2015,03,Coco,1475
2015,03,Granadilla,2296
2015,03,Guayaba pera,1374
2015,03,Limón Tahití,1039
2015,03,Lulo,1735
2015,03,Mandarina*,2973
2015,03,Mango Tommy,2387
2015,03,Manzana royal gala,3836
2015,03,Maracuyá,2824
2015,03,Mora de Castilla,2251
2015,03,Naranja Valencia,856
2015,03,Papaya maradol,1232
2015,03,Piña *,845
2015,03,Tomate de árbol,2156
2015,03,Arracacha*,758
2015,03,Papa negra*,1331
2015,03,Papa criolla,1283
2015,03,Plátano guineo,n.d.
2015,03,Plátano hartón verde,940
2015,03,Yuca*,1008
2015,03,Arroz de primera,3023
2015,03,Arveja verde seca importada,2100
2015,03,Fríjol seco*,4100
2015,03,Garbanzo importado,n.d.
2015,03,Lenteja importada,3200
2015,03,Maíz amarillo*,1365
2015,03,Huevo rojo AA,240
2015,03,Queso costeño,8867
2015,03,"Carne de cerdo, lomo sin hueso",12750
2015,03,"Carne de res, lomo fino",13717
2015,03,Bagre rayado entero fresco,n.d.
2015,03,Pechuga de pollo,6758
2015,03,Aceite vegetal mezcla,4592
2015,03,Azúcar sulfitada,1668
2015,03,Galletas saladas 3 tacos,8029
2015,03,Harina de trigo,2347
2015,03,Harina precocida de maíz,2248
2015,03,Margarina,13700
2015,03,Panela*,2717
2015,03,Pastas alimenticias,4750
2015,03,Salsa de tomate doy pack,13458
2015,04,Ahuyama,600
2015,04,Arveja verde en vaina,2914
2015,04,Cebolla cabezona blanca,1055
2015,04,Cebolla junca,991
2015,04,Chócolo mazorca,758
2015,04,Habichuela,1264
2015,04,Pepino cohombro,597
2015,04,Pimentón,1565
2015,04,Remolacha,782
2015,04,Tomate*,1278
2015,04,Zanahoria,830
2015,04,Aguacate *,3692
2015,04,Banano*,679
2015,04,Coco,1515
2015,04,Granadilla,1921
2015,04,Guayaba pera,1277
2015,04,Limón Tahití,1341
2015,04,Lulo,1791
2015,04,Mandarina*,2494
2015,04,Mango Tommy,2290
2015,04,Manzana royal gala,3523
2015,04,Maracuyá,1488
2015,04,Mora de Castilla,2864
2015,04,Naranja Valencia,681
2015,04,Papaya maradol,1111
2015,04,Piña *,852
2015,04,Tomate de árbol,1855
2015,04,Arracacha*,787
2015,04,Papa negra*,1002
2015,04,Papa criolla,1031
2015,04,Plátano guineo,n.d.
2015,04,Plátano hartón verde,1062
2015,04,Yuca*,1379
2015,04,Arroz de primera,3005
2015,04,Arveja verde seca importada,2100
2015,04,Fríjol seco*,4467
2015,04,Garbanzo importado,n.d.
2015,04,Lenteja importada,3200
2015,04,Maíz amarillo*,0
2015,04,Huevo tipo A,190
2015,04,Queso costeño,9200
2015,04,"Carne de cerdo, lomo sin hueso",12867
2015,04,"Carne de res, muchacho",12100
2015,04,Pechuga de pollo,6717
2015,04,Aceite vegetal mezcla,4581
2015,04,Azúcar sulfitada,1832
2015,04,Galletas saladas 3 tacos,7995
2015,04,Harina de trigo,2320
2015,04,Harina precocida de maíz,2208
2015,04,Margarina,13700
2015,04,Panela*,0
2015,04,Pastas alimenticias,4750
2015,04,Salsa de tomate doy pack,13505
2015,05,Ahuyama,617
2015,05,Arveja verde en vaina,2322
2015,05,Cebolla cabezona blanca,1191
2015,05,Cebolla junca,997
2015,05,Chócolo mazorca,648
2015,05,Habichuela,1173
2015,05,Pepino cohombro,759
2015,05,Pimentón,1621
2015,05,Remolacha,730
2015,05,Tomate*,1401
2015,05,Zanahoria,1115
2015,05,Aguacate *,2738
2015,05,Banano*,700
2015,05,Coco,1489
2015,05,Granadilla,2344
2015,05,Guayaba pera,1404
2015,05,Limón Tahití,912
2015,05,Lulo,2052
2015,05,Mandarina*,1502
2015,05,Mango Tommy,2268
2015,05,Manzana verde importada,3207
2015,05,Maracuyá,1578
2015,05,Mora de Castilla,2989
2015,05,Naranja Valencia,503
2015,05,Papaya maradol,1014
2015,05,Piña *,821
2015,05,Tomate de árbol,2190
2015,05,Arracacha*,1059
2015,05,Papa negra*,865
2015,05,Papa criolla,1220
2015,05,Plátano guineo,n.d.
2015,05,Plátano hartón verde,908
2015,05,Yuca*,1434
2015,05,Arroz de primera,2850
2015,05,Arveja verde seca importada,2110
2015,05,Fríjol seco*,5250
2015,05,Garbanzo importado,n.d.
2015,05,Lenteja importada,3200
2015,05,Maíz amarillo*,1373
2015,05,Huevo tipo AA,255
2015,05,Queso costeño,8600
2015,05,"Carne de cerdo, brazo sin hueso",9875
2015,05,"Carne de res, lomo fino",13788
2015,05,Pechuga de pollo,6583
2015,05,Aceite vegetal mezcla,4695
2015,05,Azúcar sulfitada,2008
2015,05,Galletas saladas 3 tacos,7892
2015,05,Harina de trigo,2320
2015,05,Harina precocida de maíz,2208
2015,05,Margarina,13700
2015,05,Panela*,2700
2015,05,Pastas alimenticias,4750
2015,05,Salsa de tomate doy pack,13510
2015,06,Ahuyama,600
2015,06,Arveja verde en vaina,1778
2015,06,Cebolla cabezona blanca,1892
2015,06,Cebolla junca,961
2015,06,Chócolo mazorca,968
2015,06,Habichuela,2474
2015,06,Pepino cohombro,835
2015,06,Pimentón,1326
2015,06,Remolacha,672
2015,06,Tomate*,1501
2015,06,Zanahoria,1046
2015,06,Aguacate *,2046
2015,06,Banano*,700
2015,06,Coco,1455
2015,06,Granadilla,2411
2015,06,Guayaba pera,1314
2015,06,Limón Tahití,676
2015,06,Lulo,1947
2015,06,Mandarina*,1054
2015,06,Mango Tommy,2169
2015,06,Manzana verde importada,3171
2015,06,Maracuyá,1272
2015,06,Mora de Castilla,2068
2015,06,Naranja Valencia,398
2015,06,Papaya maradol,1007
2015,06,Piña *,793
2015,06,Tomate de árbol,1747
2015,06,Arracacha*,1165
2015,06,Papa negra*,775
2015,06,Papa criolla,818
2015,06,Plátano guineo,-
2015,06,Plátano hartón verde,843
2015,06,Yuca*,1404
2015,06,Arroz de primera,2730
2015,06,Arveja verde seca importada,2140
2015,06,Fríjol seco*,5533
2015,06,Garbanzo importado,-
2015,06,Lenteja importada,3200
2015,06,Maíz amarillo*,1367
2015,06,Huevo tipo AA,255
2015,06,Queso costeño,8550
2015,06,"Carne de cerdo, costilla",8588
2015,06,"Carne de res, lomo fino",13750
2015,06,Pechuga de pollo,6267
2015,06,Aceite vegetal mezcla,4773
2015,06,Azúcar sulfitada,1928
2015,06,Galletas saladas 3 tacos,7903
2015,06,Harina de trigo,2320
2015,06,Harina precocida de maíz,2208
2015,06,Margarina,13700
2015,06,Panela*,2694
2015,06,Pastas alimenticias,4775
2015,06,Salsa de tomate doy pack,14128
2015,07,Ahuyama,599
2015,07,Arveja verde en vaina,2174
2015,07,Cebolla cabezona blanca,1842
2015,07,Cebolla junca,1087
2015,07,Chócolo mazorca,939
2015,07,Habichuela,2126
2015,07,Lechuga Batavia,886
2015,07,Pepino cohombro,1138
2015,07,Pimentón,1511
2015,07,Remolacha,824
2015,07,Repollo blanco,479
2015,07,Tomate*,1975
2015,07,Zanahoria,936
2015,07,Aguacate *,1915
2015,07,Banano*,647
2015,07,Coco,1475
2015,07,Granadilla,2506
2015,07,Guayaba pera,1395
2015,07,Limón Tahití,1088
2015,07,Lulo,1663
2015,07,Mandarina*,955
2015,07,Mango Tommy,2813
2015,07,Manzana verde importada,3757
2015,07,Maracuyá,1675
2015,07,Mora de Castilla,1843
2015,07,Naranja Valencia,495
2015,07,Papaya maradol,1213
2015,07,Piña *,831
2015,07,Tomate de árbol,1373
2015,07,Arracacha*,1699
2015,07,Papa negra*,564
2015,07,Papa criolla,768
2015,07,Plátano guineo,n.d.
2015,07,Plátano hartón verde,804
2015,07,Yuca*,1497
2015,07,Arroz de primera,2665
2015,07,Arveja verde seca importada,2360
2015,07,Fríjol seco*,5600
2015,07,Garbanzo importado,n.d.
2015,07,Lenteja importada,3087
2015,07,Maíz amarillo*,1390
2015,07,Huevo tipo AA,255
2015,07,Queso costeño,8500
2015,07,"Carne de cerdo, costilla",12775
2015,07,"Carne de res, lomo fino",13738
2015,07,Pechuga de pollo,6267
2015,07,Aceite vegetal mezcla,4833
2015,07,Azúcar sulfitada,1927
2015,07,Galletas saladas 3 tacos,8510
2015,07,Harina de trigo,2380
2015,07,Harina precocida de maíz,2000
2015,07,Margarina,14200
2015,07,Panela*,2667
2015,07,Pastas alimenticias,4739
2015,07,Salsa de tomate doy pack,14375
2015,08,Ahuyama,587
2015,08,Arveja verde en vaina,2281
2015,08,Cebolla cabezona blanca,1922
2015,08,Cebolla junca,1091
2015,08,Chócolo mazorca,935
2015,08,Habichuela,2088
2015,08,Lechuga Batavia,1098
2015,08,Pepino cohombro,675
2015,08,Pimentón,1685
2015,08,Remolacha,1494
2015,08,Tomate*,1431
2015,08,Zanahoria,1073
2015,08,Aguacate *,2338
2015,08,Banano*,599
2015,08,Coco,1508
2015,08,Granadilla,2169
2015,08,Guayaba pera,1217
2015,08,Limón Tahití,1227
2015,08,Lulo,1587
2015,08,Mandarina*,1127
2015,08,Mango Tommy,4004
2015,08,Manzana verde importada,4340
2015,08,Maracuyá,1918
2015,08,Mora de Castilla,2114
2015,08,Naranja Valencia,610
2015,08,Papaya maradol,1167
2015,08,Piña *,877
2015,08,Tomate de árbol,997
2015,08,Arracacha*,2015
2015,08,Papa negra*,463
2015,08,Papa criolla,888
2015,08,Plátano guineo,n.d.
2015,08,Plátano hartón verde,810
2015,08,Yuca*,1604
2015,08,Arroz de primera,2624
2015,08,Arveja verde seca importada,2458
2015,08,Fríjol seco*,5688
2015,08,Garbanzo importado,n.d.
2015,08,Lenteja importada,3247
2015,08,Maíz amarillo*,1428
2015,08,Huevo tipo A,226
2015,08,Queso costeño,8725
2015,08,"Carne de cerdo, costilla",12646
2015,08,"Carne de res, lomo fino",14158
2015,08,Pechuga de pollo,6483
2015,08,Aceite vegetal mezcla,4771
2015,08,Azúcar sulfitada,1893
2015,08,Galletas saladas 3 tacos,n.d.
2015,08,Harina de trigo,2547
2015,08,Harina precocida de maíz,2122
2015,08,Margarina,14000
2015,08,Panela*,2665
2015,08,Pastas alimenticias,4979
2015,08,Salsa de tomate doy pack,14438
2015,09,Ahuyama,872
2015,09,Arveja verde en vaina,1863
2015,09,Cebolla cabezona blanca,1484
2015,09,Cebolla junca,1239
2015,09,Chócolo mazorca,907
2015,09,Habichuela,1835
2015,09,Lechuga Batavia,1171
2015,09,Pepino cohombro,584
2015,09,Pimentón,1680
2015,09,Remolacha,1421
2015,09,Tomate*,1593
2015,09,Zanahoria,1613
2015,09,Aguacate *,3655
2015,09,Banano*,629
2015,09,Coco,1553
2015,09,Granadilla,2481
2015,09,Guayaba pera,1431
2015,09,Limón Tahití,1428
2015,09,Lulo,2110
2015,09,Mandarina*,1733
2015,09,Mango Tommy,4513
2015,09,Manzana verde importada,4508
2015,09,Maracuyá,2114
2015,09,Mora de Castilla,2396
2015,09,Naranja Valencia,699
2015,09,Papaya maradol,1316
2015,09,Piña *,1006
2015,09,Tomate de árbol,1207
2015,09,Uva red globe nacional,5118
2015,09,Arracacha*,2384
2015,09,Papa negra*,446
2015,09,Papa criolla,991
2015,09,Plátano hartón verde,901
2015,09,Yuca*,1552
2015,09,Arroz de primera,2613
2015,09,Arveja verde seca importada,2575
2015,09,Fríjol seco*,5860
2015,09,Garbanzo importado,n.d
2015,09,Lenteja importada,3276
2015,09,Maíz amarillo*,1465
2015,09,Huevo tipo AA,257
2015,09,Queso costeño,9000
2015,09,"Carne de cerdo, lomo sin hueso",12820
2015,09,"Carne de res, sobrebarriga",9847
2015,09,Pechuga de pollo,7133
2015,09,Aceite vegetal mezcla,4797
2015,09,Azúcar sulfitada,1929
2015,09,Galletas saladas,8548
2015,09,Harina de trigo,2600
2015,09,Harina precocida de maíz,2169
2015,09,Margarina,13820
2015,09,Panela*,2667
2015,09,Pastas alimenticias,4686
2015,09,Salsa de tomate doy pack,13508
2015,10,Ahuyama,1435
2015,10,Arveja verde en vaina,2035
2015,10,Cebolla cabezona blanca,1479
2015,10,Cebolla junca,1134
2015,10,Chócolo mazorca,857
2015,10,Habichuela,2287
2015,10,Lechuga Batavia,962
2015,10,Pepino cohombro,825
2015,10,Pimentón,1729
2015,10,Remolacha,1858
2015,10,Repollo blanco,542
2015,10,Tomate*,1884
2015,10,Zanahoria,1714
2015,10,Aguacate *,3928
2015,10,Banano*,651
2015,10,Coco,1505
2015,10,Granadilla,2942
2015,10,Guayaba pera,1390
2015,10,Limón Tahití,1393
2015,10,Lulo,2318
2015,10,Mandarina*,1800
2015,10,Mango Tommy,3580
2015,10,Manzana verde importada,4651
2015,10,Maracuyá,2525
2015,10,Mora de Castilla,2672
2015,10,Naranja Valencia,669
2015,10,Papaya maradol,1269
2015,10,Piña *,1094
2015,10,Tomate de árbol,1243
2015,10,Uva red globe nacional,3907
2015,10,Arracacha*,2463
2015,10,Papa negra*,622
2015,10,Papa criolla,1512
2015,10,Plátano hartón verde,1127
2015,10,Yuca*,1505
2015,10,Arroz de primera,2623
2015,10,Arveja verde seca importada,2480
2015,10,Fríjol seco*,5883
2015,10,Garbanzo importado,n.d.
2015,10,Lenteja importada,3288
2015,10,Maíz amarillo*,1493
2015,10,Huevo tipo AA,261
2015,10,Queso costeño,9000
2015,10,"Carne de cerdo, lomo sin hueso",12583
2015,10,"Carne de res, sobrebarriga",9825
2015,10,Pechuga de pollo,7217
2015,10,Aceite vegetal mezcla,5010
2015,10,Azúcar sulfitada,1969
2015,10,Galletas saladas,8322
2015,10,Harina de trigo,2735
2015,10,Harina precocida de maíz,2318
2015,10,Margarina,13800
2015,10,Panela*,2773
2015,10,Pastas alimenticias,4915
2015,10,Salsa de tomate doy pack,13646
2015,11,Ahuyama,1941
2015,11,Arveja verde en vaina,2807
2015,11,Cebolla cabezona blanca,1422
2015,11,Cebolla junca,1011
2015,11,Chócolo mazorca,870
2015,11,Habichuela,1289
2015,11,Lechuga Batavia,626
2015,11,Pepino cohombro,809
2015,11,Pimentón,1732
2015,11,Remolacha,1191
2015,11,Tomate*,1994
2015,11,Zanahoria,1463
2015,11,Aguacate *,3158
2015,11,Banano*,757
2015,11,Coco,1515
2015,11,Granadilla,2326
2015,11,Guayaba pera,1394
2015,11,Limón Tahití,989
2015,11,Lulo,2482
2015,11,Mandarina*,1848
2015,11,Mango Tommy,2128
2015,11,Manzana verde importada,4749
2015,11,Maracuyá,2386
2015,11,Mora de Castilla,2513
2015,11,Naranja Valencia,694
2015,11,Papaya maradol,1186
2015,11,Piña *,969
2015,11,Tomate de árbol,944
2015,11,Arracacha*,2068
2015,11,Papa negra*,646
2015,11,Papa criolla,1791
2015,11,Plátano hartón verde,1275
2015,11,Yuca*,1440
2015,11,Arroz de primera,2648
2015,11,Arveja verde seca importada,2451
2015,11,Fríjol seco*,5982
2015,11,Garbanzo importado,n.d.
2015,11,Lenteja importada,3296
2015,11,Maíz amarillo*,1502
2015,11,Huevo tipo AA,262
2015,11,Queso costeño,9483
2015,11,"Carne de cerdo, lomo sin hueso",12525
2015,11,"Carne de res, sobrebarriga",9917
2015,11,Pechuga de pollo,7433
2015,11,Aceite vegetal mezcla,5032
2015,11,Azúcar sulfitada,2157
2015,11,Galletas saladas,8360
2015,11,Harina de trigo,2739
2015,11,Harina precocida de maíz,2373
2015,11,Margarina,13813
2015,11,Panela*,2767
2015,11,Pastas alimenticias,4950
2015,11,Salsa de tomate doy pack,13627
2015,12,Ahuyama,1796
2015,12,Arveja verde en vaina,3030
2015,12,Cebolla cabezona blanca,1549
2015,12,Cebolla junca,1190
2015,12,Chócolo mazorca,669
2015,12,Habichuela,985
2015,12,Pepino cohombro,948
2015,12,Pimentón,1299
2015,12,Remolacha,863
2015,12,Tomate*,2749
2015,12,Zanahoria,1608
2015,12,Aguacate *,2923
2015,12,Banano*,827
2015,12,Coco,1677
2015,12,Granadilla,1899
2015,12,Guayaba pera,1863
2015,12,Limón Tahití,761
2015,12,Lulo,3430
2015,12,Mandarina*,2237
2015,12,Mango Tommy,2047
2015,12,Manzana verde importada,4889
2015,12,Maracuyá,2160
2015,12,Mora de Castilla,2992
2015,12,Naranja Valencia,751
2015,12,Papaya maradol,1338
2015,12,Piña *,895
2015,12,Tomate de árbol,1161
2015,12,Uva red globe nacional,3944
2015,12,Arracacha*,2344
2015,12,Papa negra*,952
2015,12,Papa criolla,2667
2015,12,Plátano hartón verde,1262
2015,12,Yuca*,1424
2015,12,Arroz de primera,2699
2015,12,Arveja verde seca importada,2392
2015,12,Fríjol seco*,6033
2015,12,Garbanzo importado,n.d.
2015,12,Lenteja importada,3304
2015,12,Maíz amarillo*,1552
2015,12,Huevo tipo AA,276
2015,12,Queso costeño,10057
2015,12,"Carne de cerdo, lomo sin hueso",12913
2015,12,"Carne de res, sobrebarriga",10133
2015,12,Pechuga de pollo,7667
2015,12,Aceite vegetal mezcla,5055
2015,12,Azúcar sulfitada,2319
2015,12,Galletas saladas,8375
2015,12,Harina de trigo,2717
2015,12,Harina precocida de maíz,2338
2015,12,Margarina,13707
2015,12,Panela*,2740
2015,12,Pastas alimenticias,5004
2015,12,Salsa de tomate doy pack,13875
2016,01,Ahuyama,1431
2016,01,Arveja verde en vaina,1850
2016,01,Cebolla cabezona blanca,1875
2016,01,Cebolla junca,968
2016,01,Chócolo mazorca,740
2016,01,Habichuela,2808
2016,01,Pepino cohombro,808
2016,01,Pimentón,1227
2016,01,Remolacha,1099
2016,01,Tomate*,2431
2016,01,Zanahoria,1525
2016,01,Aguacate *,3621
2016,01,Banano*,829
2016,01,Coco,1811
2016,01,Granadilla,2711
2016,01,Guayaba pera,1477
2016,01,Limón Tahití,924
2016,01,Lulo,3581
2016,01,Mandarina*,2752
2016,01,Mango Tommy,1983
2016,01,Manzana roja importada,4896
2016,01,Maracuyá,1579
2016,01,Mora de Castilla,3404
2016,01,Naranja Valencia,1136
2016,01,Papaya maradol,1345
2016,01,Piña *,972
2016,01,Tomate de árbol,1364
2016,01,Uva red globe nacional,4063
2016,01,Arracacha*,2684
2016,01,Papa negra*,1172
2016,01,Papa criolla,2539
2016,01,Plátano guineo,n.d.
2016,01,Plátano hartón verde,1246
2016,01,Yuca*,1412
2016,01,Arroz de primera,2899
2016,01,Arveja verde seca importada,2272
2016,01,Fríjol seco*,6077
2016,01,Garbanzo importado,n.d.
2016,01,Lenteja importada,4001
2016,01,Maíz amarillo*,1590
2016,01,Huevo tipo AA,270
2016,01,Queso costeño,10675
2016,01,"Carne de cerdo, lomo sin hueso",13333
2016,01,"Carne de res, bola de pierna",12267
2016,01,Pechuga de pollo,7833
2016,01,Aceite vegetal mezcla,5097
2016,01,Azúcar sulfitada,2473
2016,01,Galletas saladas,8546
2016,01,Harina de trigo,2649
2016,01,Harina precocida de maíz,2278
2016,01,Margarina,13500
2016,01,Panela*,2725
2016,01,Pastas alimenticias,5103
2016,01,Salsa de tomate doy pack,13993
2016,02,Ahuyama,815
2016,02,Arveja verde en vaina,2967
2016,02,Cebolla cabezona blanca,1781
2016,02,Cebolla junca,980
2016,02,Chócolo mazorca,810
2016,02,Habichuela,3278
2016,02,Lechuga Batavia,1465
2016,02,Pepino cohombro,1048
2016,02,Pimentón,1429
2016,02,Remolacha,1133
2016,02,Tomate*,1286
2016,02,Zanahoria,1853
2016,02,Aguacate *,4365
2016,02,Banano*,811
2016,02,Coco,1818
2016,02,Granadilla,3387
2016,02,Guayaba pera,1741
2016,02,Limón Tahití,1137
2016,02,Lulo,3638
2016,02,Mandarina*,3353
2016,02,Mango Tommy,2886
2016,02,Manzana roja importada,5019
2016,02,Maracuyá,2853
2016,02,Mora de Castilla,2470
2016,02,Naranja Valencia,1176
2016,02,Papaya maradol,1374
2016,02,Piña *,847
2016,02,Tomate de árbol,1453
2016,02,Uva red globe nacional,3777
2016,02,Arracacha*,2853
2016,02,Papa negra*,1168
2016,02,Papa criolla,3409
2016,02,Plátano guineo,n.d.
2016,02,Plátano hartón verde,1139
2016,02,Yuca*,1330
2016,02,Arroz de primera,3180
2016,02,Arveja verde seca importada,2424
2016,02,Fríjol seco*,6138
2016,02,Garbanzo importado,n.d.
2016,02,Lenteja importada,5051
2016,02,Maíz amarillo*,1685
2016,02,Huevo tipo AA**,245
2016,02,Queso costeño,10500
2016,02,"Carne de cerdo, lomo sin hueso",13200
2016,02,"Carne de res, bola de pierna",12508
2016,02,Pechuga de pollo,7883
2016,02,Aceite vegetal mezcla**,5124
2016,02,Azúcar sulfitada,2468
2016,02,Galletas saladas,8741
2016,02,Harina de trigo,2673
2016,02,Harina precocida de maíz,2286
2016,02,Margarina,13500
2016,02,Panela*,2704
2016,02,Pastas alimenticias,5167
2016,02,Salsa de tomate doy pack,13993
2016,03,Ahuyama,733
2016,03,Arveja verde en vaina,4839
2016,03,Cebolla cabezona blanca,2006
2016,03,Cebolla junca,1135
2016,03,Chócolo mazorca,1041
2016,03,Habichuela,3309
2016,03,Lechuga Batavia,1502
2016,03,Pepino cohombro,892
2016,03,Pimentón,1517
2016,03,Remolacha,1023
2016,03,Tomate*,1113
2016,03,Zanahoria,1494
2016,03,Aguacate *,4774
2016,03,Banano*,988
2016,03,Coco,1818
2016,03,Granadilla,2314
2016,03,Guayaba pera,1706
2016,03,Limón Tahití,2261
2016,03,Lulo,3488
2016,03,Mandarina*,3078
2016,03,Mango Tommy,3556
2016,03,Manzana verde importada,4596
2016,03,Maracuyá,4025
2016,03,Mora de Castilla,4331
2016,03,Naranja Valencia,759
2016,03,Papaya maradol,1564
2016,03,Piña *,1192
2016,03,Tomate de árbol,1714
2016,03,Uva red globe nacional,3605
2016,03,Arracacha*,3551
2016,03,Papa negra*,1288
2016,03,Papa criolla,3485
2016,03,Plátano hartón verde,1293
2016,03,Yuca*,1287
2016,03,Arroz de primera,3198
2016,03,Arveja verde seca importada,2536
2016,03,Fríjol seco*,6192
2016,03,Garbanzo importado,n.d.
2016,03,Lenteja importada,5200
2016,03,Maíz amarillo*,1708
2016,03,Huevo tipo AA**,246
2016,03,Queso costeño,10620
2016,03,Bocachico importado congelado,8307
2016,03,"Carne de cerdo, lomo sin hueso",12733
2016,03,"Carne de res, bola de pierna",13715
2016,03,Pechuga de pollo,7693
2016,03,Aceite vegetal mezcla**,5427
2016,03,Azúcar sulfitada,2436
2016,03,Galletas saladas,8695
2016,03,Harina de trigo,2667
2016,03,Harina precocida de maíz,2297
2016,03,Margarina,13540
2016,03,Panela*,2753
2016,03,Pastas alimenticias,5178
2016,03,Salsa de tomate doy pack,13993
2016,03,Sardinas en lata,7343
2016,04,Ahuyama,819
2016,04,Arveja verde en vaina,5704
2016,04,Cebolla cabezona blanca,2358
2016,04,Cebolla junca,1344
2016,04,Chócolo mazorca,731
2016,04,Habichuela,1863
2016,04,Lechuga Batavia,1306
2016,04,Pepino cohombro,591
2016,04,Pimentón,1758
2016,04,Remolacha,1370
2016,04,Tomate*,1641
2016,04,Zanahoria,975
2016,04,Aguacate *,4159
2016,04,Banano*,1229
2016,04,Coco,1818
2016,04,Granadilla,2257
2016,04,Guayaba pera,1509
2016,04,Limón Tahití,2289
2016,04,Lulo,3436
2016,04,Mandarina*,2335
2016,04,Mango Tommy,2274
2016,04,Manzana verde importada,4024
2016,04,Maracuyá,2703
2016,04,Mora de Castilla,4940
2016,04,Naranja Valencia,715
2016,04,Papaya maradol,1159
2016,04,Piña *,1048
2016,04,Tomate de árbol,1736
2016,04,Uva red globe nacional,3610
2016,04,Arracacha*,3976
2016,04,Papa negra*,1221
2016,04,Papa criolla,2996
2016,04,Plátano hartón verde,1367
2016,04,Yuca*,1248
2016,04,Arroz de primera,3100
2016,04,Arveja verde seca importada,2547
2016,04,Fríjol seco*,5877
2016,04,Garbanzo importado,n.d.
2016,04,Lenteja importada,5233
2016,04,Maíz amarillo*,1648
2016,04,Huevo tipo AA**,257
2016,04,Queso costeño,10779
2016,04,"Carne de cerdo, lomo sin hueso",13585
2016,04,"Carne de res, chatas",15081
2016,04,Pechuga de pollo,7613
2016,04,Aceite vegetal mezcla**,5854
2016,04,Azúcar sulfitada,2390
2016,04,Galletas saladas,8659
2016,04,Harina de trigo,2699
2016,04,Harina precocida de maíz,2307
2016,04,Lomitos de atún en lata,15355
2016,04,Margarina,13775
2016,04,Panela*,2898
2016,04,Pastas alimenticias,5175
2016,04,Salsa de tomate doy pack,14016
2016,04,Sardinas en lata,7424
2016,05,Ahuyama,1007
2016,05,Arveja verde en vaina,6356
2016,05,Cebolla cabezona blanca,2986
2016,05,Cebolla junca,1927
2016,05,Chócolo mazorca,710
2016,05,Habichuela,1722
2016,05,Lechuga Batavia,1074
2016,05,Pepino cohombro,463
2016,05,Pimentón,2716
2016,05,Remolacha,845
2016,05,Tomate*,1628
2016,05,Zanahoria,1078
2016,05,Aguacate *,3057
2016,05,Banano*,1215
2016,05,Coco,1818
2016,05,Granadilla,3607
2016,05,Guayaba pera,2181
2016,05,Limón Tahití,1403
2016,05,Lulo,3674
2016,05,Mandarina*,1845
2016,05,Mango Tommy,1684
2016,05,Manzana verde importada,3665
2016,05,Maracuyá,1653
2016,05,Mora de Castilla,3498
2016,05,Naranja Valencia,586
2016,05,Papaya maradol,903
2016,05,Piña *,940
2016,05,Tomate de árbol,1743
2016,05,Uva red globe nacional,3759
2016,05,Arracacha*,3654
2016,05,Papa negra*,1391
2016,05,Papa criolla,3108
2016,05,Plátano hartón verde,1433
2016,05,Yuca*,1180
2016,05,Arroz de primera,3004
2016,05,Arveja verde seca importada,2571
2016,05,Fríjol seco*,5773
2016,05,Garbanzo importado,n.d.
2016,05,Lenteja importada,5325
2016,05,Maíz amarillo*,1591
2016,05,Huevo tipo AA**,280
2016,05,Queso costeño,11285
2016,05,"Carne de cerdo, lomo sin hueso",13650
2016,05,"Carne de res, sobrebarriga",12078
2016,05,Pechuga de pollo,7732
2016,05,Aceite vegetal mezcla**,5900
2016,05,Azúcar sulfitada,2596
2016,05,Galletas saladas,8611
2016,05,Harina de trigo,2728
2016,05,Harina precocida de maíz,2314
2016,05,Lomitos de atún en lata,15609
2016,05,Margarina,14380
2016,05,Panela*,2900
2016,05,Pastas alimenticias,5033
2016,05,Salsa de tomate doy pack,14056
2016,06,Ahuyama,932
2016,06,Arveja verde en vaina,3447
2016,06,Cebolla cabezona blanca,3130
2016,06,Cebolla junca,2721
2016,06,Chócolo mazorca,448
2016,06,Habichuela,1409
2016,06,Lechuga Batavia,868
2016,06,Pepino cohombro,810
2016,06,Pimentón,2080
2016,06,Remolacha,606
2016,06,Tomate*,2275
2016,06,Zanahoria,1488
2016,06,Aguacate *,1862
2016,06,Banano*,1059
2016,06,Coco,1818
2016,06,Granadilla,4831
2016,06,Guayaba pera,1512
2016,06,Limón Tahití,1085
2016,06,Lulo,3683
2016,06,Mandarina*,1193
2016,06,Mango Tommy,2081
2016,06,Manzana verde importada,3932
2016,06,Maracuyá,2421
2016,06,Mora de Castilla,2823
2016,06,Naranja Valencia,452
2016,06,Papaya maradol,1189
2016,06,Piña *,956
2016,06,Tomate de árbol,2143
2016,06,Uva red globe nacional,3791
2016,06,Arracacha*,4140
2016,06,Papa negra*,1600
2016,06,Papa criolla,2515
2016,06,Plátano hartón verde,1434
2016,06,Yuca*,1184
2016,06,Arroz de primera,2944
2016,06,Arveja verde seca importada,2570
2016,06,Fríjol seco*,5732
2016,06,Garbanzo importado,n.d.
2016,06,Lenteja importada,5500
2016,06,Maíz amarillo*,1602
2016,06,Huevo tipo AA**,293
2016,06,Queso costeño,11313
2016,06,"Carne de cerdo, lomo sin hueso",13508
2016,06,"Carne de res, cadera",15508
2016,06,Pechuga de pollo,7658
2016,06,Aceite vegetal mezcla**,5867
2016,06,Azúcar sulfitada,2700
2016,06,Galletas saladas,8730
2016,06,Harina de trigo,2777
2016,06,Harina precocida de maíz,2278
2016,06,Lomitos de atún en lata,15564
2016,06,Margarina,14533
2016,06,Panela*,2915
2016,06,Pastas alimenticias,5042
2016,06,Salsa de tomate doy pack,14184
2016,07,Ahuyama,665
2016,07,Arveja verde en vaina,1908
2016,07,Cebolla cabezona blanca,2571
2016,07,Cebolla junca,3156
2016,07,Chócolo mazorca,706
2016,07,Habichuela,1509
2016,07,Lechuga Batavia,994
2016,07,Pepino cohombro,481
2016,07,Pimentón,1869
2016,07,Remolacha,772
2016,07,Tomate*,2608
2016,07,Zanahoria,1531
2016,07,Aguacate *,1874
2016,07,Banano*,1116
2016,07,Coco,1818
2016,07,Granadilla,3543
2016,07,Guayaba pera,1241
2016,07,Limón Tahití,825
2016,07,Lulo,3413
2016,07,Mandarina*,997
2016,07,Mango Tommy,3186
2016,07,Manzana verde importada,3995
2016,07,Maracuyá,2167
2016,07,Mora de Castilla,3069
2016,07,Naranja Valencia,467
2016,07,Papaya maradol,1384
2016,07,Piña *,1024
2016,07,Tomate de árbol,2450
2016,07,Uva red globe nacional,4090
2016,07,Arracacha*,3816
2016,07,Papa negra*,1464
2016,07,Papa criolla,1609
2016,07,Plátano hartón verde,1461
2016,07,Yuca*,1258
2016,07,Arroz de primera,2955
2016,07,Arveja verde seca importada,2567
2016,07,Fríjol seco*,5611
2016,07,Garbanzo importado,n.d.
2016,07,Lenteja importada,5368
2016,07,Maíz blanco trillado,1582
2016,07,Huevo tipo AA**,287
2016,07,Queso costeño,10938
2016,07,"Carne de cerdo, lomo sin hueso",13542
2016,07,"Carne de res, cadera",15767
2016,07,Pechuga de pollo,7883
2016,07,Aceite vegetal mezcla**,5881
2016,07,Azúcar sulfitada,2717
2016,07,Galletas saladas,8890
2016,07,Harina de trigo,2813
2016,07,Harina precocida de maíz,2264
2016,07,Lomitos de atún en lata,15605
2016,07,Margarina,14567
2016,07,Panela*,2983
2016,07,Pastas alimenticias,5167
2016,07,Salsa de tomate doy pack,14340
2016,08,Ahuyama,566
2016,08,Arveja verde en vaina,1294
2016,08,Cebolla cabezona blanca,954
2016,08,Cebolla junca,1533
2016,08,Chócolo mazorca,815
2016,08,Habichuela,1397
2016,08,Lechuga Batavia,381
2016,08,Pepino cohombro,594
2016,08,Pimentón,1332
2016,08,Remolacha,702
2016,08,Tomate*,1588
2016,08,Zanahoria,892
2016,08,Aguacate *,2641
2016,08,Banano*,1004
2016,08,Coco,1818
2016,08,Granadilla,2522
2016,08,Guayaba pera,1046
2016,08,Limón Tahití,763
2016,08,Lulo,2962
2016,08,Mandarina*,1188
2016,08,Mango Tommy,4775
2016,08,Manzana verde importada,4564
2016,08,Maracuyá,1894
2016,08,Mora de Castilla,2422
2016,08,Naranja Valencia,500
2016,08,Papaya maradol,1362
2016,08,Piña *,1004
2016,08,Tomate de árbol,1575
2016,08,Uva red globe nacional,4722
2016,08,Arracacha*,2564
2016,08,Papa negra*,697
2016,08,Papa criolla,866
2016,08,Plátano hartón verde,1520
2016,08,Yuca*,1147
2016,08,Arroz de primera,2882
2016,08,Arveja verde seca importada,2571
2016,08,Fríjol seco*,5423
2016,08,Garbanzo importado,n.d.
2016,08,Lenteja importada,5313
2016,08,Maíz blanco trillado,1607
2016,08,Huevo tipo AA**,287
2016,08,Queso costeño,10683
2016,08,"Carne de cerdo, lomo sin hueso",13507
2016,08,"Carne de res, cadera",17207
2016,08,Pierna pernil con rabadilla,4647
2016,08,Aceite vegetal mezcla**,5886
2016,08,Azúcar sulfitada,2631
2016,08,Galletas saladas,8907
2016,08,Harina de trigo,2776
2016,08,Harina precocida de maíz,2243
2016,08,Lomitos de atún en lata,15584
2016,08,Margarina,14553
2016,08,Panela*,3137
2016,08,Pastas alimenticias,5211
2016,08,Salsa de tomate doy pack,14403
2016,09,Ahuyama,531
2016,09,Arveja verde en vaina,1237
2016,09,Cebolla cabezona blanca,515
2016,09,Cebolla junca,1002
2016,09,Chócolo mazorca,949
2016,09,Habichuela,1654
2016,09,Lechuga Batavia,431
2016,09,Pepino cohombro,830
2016,09,Pimentón,1425
2016,09,Remolacha,833
2016,09,Tomate*,1126
2016,09,Zanahoria,711
2016,09,Aguacate *,3579
2016,09,Banano*,1052
2016,09,Coco,1818
2016,09,Granadilla,2660
2016,09,Guayaba pera,995
2016,09,Limón Tahití,1168
2016,09,Lulo,3121
2016,09,Mandarina*,1851
2016,09,Mango Tommy,4681
2016,09,Manzana verde importada,4407
2016,09,Maracuyá,2094
2016,09,Mora de Castilla,2102
2016,09,Naranja Valencia,534
2016,09,Papaya maradol,1373
2016,09,Piña *,927
2016,09,Tomate de árbol,1358
2016,09,Uva red globe nacional,4333
2016,09,Arracacha*,2565
2016,09,Papa negra*,477
2016,09,Papa criolla,991
2016,09,Plátano hartón verde,1568
2016,09,Yuca*,1101
2016,09,Arroz de primera,2759
2016,09,Arveja verde seca importada,2623
2016,09,Fríjol seco*,4375
2016,09,Garbanzo importado,n.d.
2016,09,Lenteja importada,5193
2016,09,Maíz amarillo trillado,1567
2016,09,Huevo tipo AA**,289
2016,09,Queso costeño,9631
2016,09,"Carne de cerdo, costilla",9958
2016,09,"Carne de res, cadera",17392
2016,09,Pechuga de pollo,8417
2016,09,Aceite vegetal mezcla**,5908
2016,09,Azúcar sulfitada,2460
2016,09,Galletas saladas,8927
2016,09,Harina de trigo,2773
2016,09,Harina precocida de maíz,2226
2016,09,Lomitos de atún en lata,15670
2016,09,Margarina,14300
2016,09,Panela*,3231
2016,09,Pastas alimenticias,5131
2016,09,Salsa de tomate doy pack,14802
2016,10,Ahuyama,541
2016,10,Apio,710
2016,10,Arveja verde en vaina,1656
2016,10,Cebolla cabezona blanca,439
2016,10,Cebolla junca,586
2016,10,Chócolo mazorca,641
2016,10,Habichuela,1681
2016,10,Lechuga Batavia,422
2016,10,Pepino cohombro,1027
2016,10,Pimentón,1797
2016,10,Remolacha,553
2016,10,Tomate*,899
2016,10,Zanahoria,683
2016,10,Aguacate *,3983
2016,10,Banano*,1155
2016,10,Coco,1842
2016,10,Granadilla,2617
2016,10,Guayaba pera,1254
2016,10,Limón Tahití,1479
2016,10,Lulo,2585
2016,10,Mandarina*,1828
2016,10,Mango Tommy,2393
2016,10,Manzana verde importada,4422
2016,10,Maracuyá,2482
2016,10,Mora de Castilla,1998
2016,10,Naranja Valencia,515
2016,10,Papaya maradol,1172
2016,10,Piña *,845
2016,10,Tomate de árbol,1342
2016,10,Uva red globe nacional,3545
2016,10,Arracacha*,2066
2016,10,Papa negra*,n.d.
2016,10,Papa criolla,937
2016,10,Plátano hartón verde,1628
2016,10,Yuca*,1067
2016,10,Arroz de primera,2759
2016,10,Arveja verde seca importada,2707
2016,10,Fríjol seco*,4075
2016,10,Garbanzo importado,n.d.
2016,10,Lenteja importada,5288
2016,10,Maíz amarillo trillado,1572
2016,10,Huevo tipo AA**,283
2016,10,Queso costeño,9456
2016,10,"Carne de cerdo, costilla",9967
2016,10,"Carne de res, cadera",16958
2016,10,Pechuga de pollo,8433
2016,10,Aceite vegetal mezcla**,5851
2016,10,Azúcar sulfitada,2422
2016,10,Galletas saladas,8951
2016,10,Harina de trigo,2800
2016,10,Harina precocida de maíz,2218
2016,10,Lomitos de atún en lata,15858
2016,10,Margarina,14300
2016,10,Panela*,3415
2016,10,Pastas alimenticias,5167
2016,10,Salsa de tomate doy pack,15083
2016,11,Ahuyama,617
2016,11,Arveja verde en vaina,2930
2016,11,Cebolla cabezona blanca,470
2016,11,Cebolla junca,526
2016,11,Chócolo mazorca,548
2016,11,Habichuela,1059
2016,11,Lechuga Batavia,382
2016,11,Pepino cohombro,649
2016,11,Pimentón,1455
2016,11,Remolacha,535
2016,11,Tomate*,1203
2016,11,Zanahoria,706
2016,11,Aguacate *,3906
2016,11,Banano*,1148
2016,11,Coco,1875
2016,11,Granadilla,2546
2016,11,Guayaba pera,1123
2016,11,Limón Tahití,1117
2016,11,Lulo,2155
2016,11,Mandarina*,1216
2016,11,Mango Tommy,1406
2016,11,Manzana verde importada,4377
2016,11,Maracuyá,2416
2016,11,Mora de Castilla,1796
2016,11,Naranja Valencia,533
2016,11,Papaya maradol,1039
2016,11,Pera importada,4761
2016,11,Piña *,862
2016,11,Tomate de árbol,1317
2016,11,Uva red globe nacional,3903
2016,11,Arracacha*,1680
2016,11,Papa negra*,n.d.
2016,11,Papa criolla,1121
2016,11,Plátano hartón verde,1333
2016,11,Yuca*,1141
2016,11,Arroz de primera,2655
2016,11,Arveja verde seca importada,2740
2016,11,Fríjol seco*,3883
2016,11,Garbanzo importado,n.d.
2016,11,Lenteja importada,5110
2016,11,Maíz amarillo trillado,1577
2016,11,Huevo tipo AA**,280
2016,11,Queso costeño,10263
2016,11,"Carne de cerdo, costilla",9553
2016,11,"Carne de res, cadera",17333
2016,11,Pechuga de pollo,8547
2016,11,Aceite vegetal mezcla**,5781
2016,11,Azúcar sulfitada,2342
2016,11,Galletas saladas,8951
2016,11,Harina de trigo,2800
2016,11,Harina precocida de maíz,2229
2016,11,Lomitos de atún en lata,16371
2016,11,Margarina,14233
2016,11,Panela*,3655
2016,11,Pastas alimenticias,5167
2016,11,Salsa de tomate doy pack,15201
2016,12,Ahuyama,614
2016,12,Arveja verde en vaina,3645
2016,12,Cebolla cabezona blanca,525
2016,12,Cebolla junca,1025
2016,12,Chócolo mazorca,609
2016,12,Habichuela,1943
2016,12,Lechuga Batavia,566
2016,12,Pepino cohombro,747
2016,12,Pimentón,1999
2016,12,Remolacha,495
2016,12,Tomate*,1631
2016,12,Zanahoria,729
2016,12,Aguacate *,3790
2016,12,Banano*,1144
2016,12,Coco,1924
2016,12,Granadilla,2394
2016,12,Guayaba pera,1076
2016,12,Limón Tahití,882
2016,12,Lulo,1882
2016,12,Mandarina*,1101
2016,12,Mango Tommy,1280
2016,12,Manzana verde importada,4691
2016,12,Maracuyá,1299
2016,12,Mora de Castilla,2353
2016,12,Naranja Valencia,0
2016,12,Papaya maradol,1067
2016,12,Piña *,876
2016,12,Tomate de árbol,1038
2016,12,Uva red globe nacional,5079
2016,12,Arracacha*,1409
2016,12,Papa negra*,506
2016,12,Papa criolla,998
2016,12,Plátano hartón verde,1190
2016,12,Yuca*,1097
2016,12,Arroz de primera,2602
2016,12,Arveja verde seca importada,2603
2016,12,Fríjol seco*,3733
2016,12,Garbanzo importado,n.d.
2016,12,Lenteja importada,4900
2016,12,Maíz amarillo trillado,1543
2016,12,Huevo tipo AA**,290
2016,12,Queso costeño,12250
2016,12,"Carne de cerdo, costilla",10650
2016,12,"Carne de res, cadera",15742
2016,12,Pechuga de pollo,8300
2016,12,Aceite vegetal mezcla**,5983
2016,12,Azúcar sulfitada,2302
2016,12,Galletas saladas,8807
2016,12,Harina de trigo,2893
2016,12,Harina precocida de maíz,2264
2016,12,Lomitos de atún en lata,16299
2016,12,Margarina,14558
2016,12,Panela*,3809
2016,12,Pastas alimenticias,4875
2016,12,Salsa de tomate doy pack,15681
2017,01,Ahuyama,600
2017,01,Arveja verde en vaina,2958
2017,01,Cebolla cabezona blanca,1245
2017,01,Cebolla junca,1551
2017,01,Chócolo mazorca,747
2017,01,Habichuela,2874
2017,01,Lechuga Batavia,576
2017,01,Pepino cohombro,1287
2017,01,Pimentón,2877
2017,01,Remolacha,590
2017,01,Tomate*,2278
2017,01,Zanahoria,757
2017,01,Aguacate *,3667
2017,01,Banano*,1149
2017,01,Coco,1894
2017,01,Granadilla,3913
2017,01,Guayaba pera,1235
2017,01,Limón Tahití,826
2017,01,Lulo,2480
2017,01,Mandarina*,1572
2017,01,Mango Tommy,1504
2017,01,Manzana verde importada,4977
2017,01,Maracuyá,1691
2017,01,Mora de Castilla,2737
2017,01,Naranja Valencia,765
2017,01,Papaya maradol,1120
2017,01,Piña *,818
2017,01,Tomate de árbol,1160
2017,01,Uva red globe nacional,5160
2017,01,Arracacha*,1234
2017,01,Papa negra*,484
2017,01,Papa criolla,813
2017,01,Plátano hartón verde,1155
2017,01,Yuca*,1118
2017,01,Arroz de primera,2590
2017,01,Arveja verde seca importada,2600
2017,01,Fríjol seco*,3620
2017,01,Garbanzo importado,n.d.
2017,01,Lenteja importada,5042
2017,01,Maíz amarillo trillado,1583
2017,01,Huevo tipo AA**,279
2017,01,Queso costeño,12471
2017,01,"Carne de cerdo, costilla",11407
2017,01,"Carne de res, chatas",18580
2017,01,Pechuga de pollo,8160
2017,01,Aceite vegetal mezcla**,6224
2017,01,Azúcar sulfitada,2268
2017,01,Galletas saladas,8951
2017,01,Harina de trigo,2903
2017,01,Harina precocida de maíz,2486
2017,01,Lomitos de atún en lata,16268
2017,01,Margarina,14667
2017,01,Panela*,3708
2017,01,Pastas alimenticias,4736
2017,01,Salsa de tomate doy pack,16000
2017,02,Ahuyama,600
2017,02,Arveja verde en vaina,3360
2017,02,Cebolla cabezona blanca,1689
2017,02,Cebolla junca,1473
2017,02,Chócolo mazorca,866
2017,02,Habichuela,1522
2017,02,Lechuga Batavia,1111
2017,02,Pepino cohombro,556
2017,02,Pimentón,2838
2017,02,Remolacha,917
2017,02,Tomate*,2235
2017,02,Zanahoria,764
2017,02,Aguacate *,3743
2017,02,Banano*,1152
2017,02,Coco,1856
2017,02,Granadilla,4587
2017,02,Guayaba pera,1398
2017,02,Limón Tahití,708
2017,02,Lulo,2754
2017,02,Mandarina*,2215
2017,02,Mango Tommy,2177
2017,02,Pera importada,4344
2017,02,Maracuyá,2565
2017,02,Mora de Castilla,2879
2017,02,Naranja Valencia,853
2017,02,Papaya maradol,1473
2017,02,Piña *,922
2017,02,Tomate de árbol,1198
2017,02,Uva red globe nacional,4056
2017,02,Arracacha*,984
2017,02,Papa negra*,473
2017,02,Papa criolla,789
2017,02,Plátano hartón verde,1013
2017,02,Yuca*,1113
2017,02,Arroz de primera,2583
2017,02,Arveja verde seca importada,2527
2017,02,Fríjol seco*,3778
2017,02,Garbanzo importado,n.d.
2017,02,Lenteja importada,4992
2017,02,Maíz amarillo trillado,1627
2017,02,Huevo tipo AA**,279
2017,02,Queso costeño,10917
2017,02,"Carne de cerdo, costilla",11683
2017,02,"Carne de res, chatas",18250
2017,02,Pechuga de pollo,7700
2017,02,Aceite vegetal mezcla**,6118
2017,02,Azúcar sulfitada,2283
2017,02,Galletas saladas,9281
2017,02,Harina de trigo,2850
2017,02,Harina precocida de maíz,2778
2017,02,Lomitos de atún en lata,16483
2017,02,Margarina,14975
2017,02,Panela*,3911
2017,02,Pastas alimenticias,4889
2017,02,Salsa de tomate doy pack,16858
2017,03,Ahuyama,623
2017,03,Arveja verde en vaina,2627
2017,03,Cebolla cabezona blanca,2270
2017,03,Cebolla junca,1521
2017,03,Chócolo mazorca,886
2017,03,Habichuela,1529
2017,03,Lechuga Batavia,1082
2017,03,Pepino cohombro,467
2017,03,Pimentón,2084
2017,03,Remolacha,1530
2017,03,Tomate*,2265
2017,03,Zanahoria,706
2017,03,Aguacate *,4109
2017,03,Banano*,1128
2017,03,Coco,1825
2017,03,Granadilla,3196
2017,03,Guayaba pera,1046
2017,03,Limón Tahití,1099
2017,03,Lulo,2741
2017,03,Mandarina*,2656
2017,03,Mango Tommy,2294
2017,03,Pera importada,3700
2017,03,Maracuyá,2342
2017,03,Mora de Castilla,3127
2017,03,Naranja Valencia,900
2017,03,Papaya maradol,1642
2017,03,Piña *,779
2017,03,Tomate de árbol,1541
2017,03,Uva red globe nacional,4111
2017,03,Arracacha*,931
2017,03,Papa negra*,524
2017,03,Papa criolla,977
2017,03,Plátano hartón verde,871
2017,03,Yuca*,1089
2017,03,Arroz de primera,2565
2017,03,Arveja verde seca importada,2470
2017,03,Fríjol seco*,3933
2017,03,Garbanzo importado,n.d.
2017,03,Lenteja importada,4677
2017,03,Maíz amarillo trillado,1658
2017,03,Huevo tipo AA**,265
2017,03,Queso costeño,10467
2017,03,"Carne de cerdo, pernil sin hueso",12281
2017,03,"Carne de res, chatas",17900
2017,03,Pechuga de pollo,7394
2017,03,Aceite vegetal mezcla**,5836
2017,03,Azúcar sulfitada,2218
2017,03,Galletas saladas,9977
2017,03,Harina de trigo,2826
2017,03,Harina precocida de maíz,2726
2017,03,Lomitos de atún en lata,15076
2017,03,Margarina,15233
2017,03,Panela*,3939
2017,03,Pastas alimenticias,4481
2017,03,Salsa de tomate doy pack,16198
2017,04,Ahuyama,762
2017,04,Arveja verde en vaina,3028
2017,04,Cebolla cabezona blanca,2917
2017,04,Cebolla junca,1805
2017,04,Chócolo mazorca,631
2017,04,Habichuela,1202
2017,04,Lechuga Batavia,1058
2017,04,Pepino cohombro,485
2017,04,Pimentón,1667
2017,04,Remolacha,1995
2017,04,Tomate*,1351
2017,04,Zanahoria,1141
2017,04,Aguacate *,4047
2017,04,Banano*,1126
2017,04,Coco,1818
2017,04,Granadilla,3213
2017,04,Guayaba pera,1027
2017,04,Limón Tahití,2050
2017,04,Lulo,2213
2017,04,Mandarina*,2445
2017,04,Mango Tommy,2194
2017,04,Manzana verde importada,3887
2017,04,Maracuyá,2946
2017,04,Mora de Castilla,2490
2017,04,Naranja Valencia,n.d.
2017,04,Papaya maradol,1294
2017,04,Piña *,665
2017,04,Tomate de árbol,1728
2017,04,Uva red globe nacional,3467
2017,04,Arracacha*,918
2017,04,Papa negra*,583
2017,04,Papa criolla,1430
2017,04,Plátano hartón verde,971
2017,04,Yuca*,939
2017,04,Arroz de primera,2557
2017,04,Arveja verde seca importada,2438
2017,04,Fríjol seco*,3900
2017,04,Garbanzo importado,n.d.
2017,04,Lenteja importada,4633
2017,04,Maíz amarillo trillado,1700
2017,04,Huevo tipo A**,261
2017,04,Queso costeño,10750
2017,04,"Carne de cerdo, costilla",11146
2017,04,"Carne de res, chatas",16144
2017,04,Pechuga de pollo,7488
2017,04,Tilapia roja entera fresca,n.d.
2017,04,Aceite vegetal mezcla**,5747
2017,04,Azúcar sulfitada,2110
2017,04,Galletas saladas,10079
2017,04,Harina de trigo,2795
2017,04,Harina precocida de maíz,2500
2017,04,Lomitos de atún en lata,11176
2017,04,Margarina,15000
2017,04,Panela*,3958
2017,04,Pastas alimenticias,4313
2017,04,Salsa de tomate doy pack,16014
2017,05,Ahuyama,1201
2017,05,Arveja verde en vaina,3035
2017,05,Cebolla cabezona blanca,2940
2017,05,Cebolla junca,1607
2017,05,Chócolo mazorca,457
2017,05,Habichuela,1785
2017,05,Lechuga Batavia,589
2017,05,Pepino cohombro,500
2017,05,Pimentón,1484
2017,05,Remolacha,1432
2017,05,Tomate*,2251
2017,05,Zanahoria,2226
2017,05,Aguacate *,3431
2017,05,Banano*,1126
2017,05,Coco,1848
2017,05,Granadilla,3242
2017,05,Guayaba pera,1372
2017,05,Limón Tahití,1573
2017,05,Lulo,1994
2017,05,Mandarina*,2079
2017,05,Mango Tommy,1452
2017,05,Manzana verde importada,3984
2017,05,Maracuyá,2434
2017,05,Mora de Castilla,2752
2017,05,Naranja Valencia,n.d.
2017,05,Papaya maradol,1347
2017,05,Piña *,750
2017,05,Tomate de árbol,1833
2017,05,Uva red globe nacional,3993
2017,05,Arracacha*,941
2017,05,Papa negra*,498
2017,05,Papa criolla,1421
2017,05,Plátano hartón verde,934
2017,05,Yuca*,837
2017,05,Arroz de primera,2553
2017,05,Arveja verde seca importada,2439
2017,05,Fríjol seco*,3900
2017,05,Garbanzo importado,n.d.
2017,05,Lenteja importada,4633
2017,05,Maíz amarillo trillado,1700
2017,05,Huevo tipo A**,252
2017,05,Queso costeño,9067
2017,05,"Carne de cerdo, costilla",11290
2017,05,"Carne de res, sobrebarriga",14555
2017,05,Pechuga de pollo,7415
2017,05,Aceite vegetal mezcla**,5758
2017,05,Azúcar sulfitada,2421
2017,05,Galletas saladas,10079
2017,05,Harina de trigo,2795
2017,05,Harina precocida de maíz,2500
2017,05,Lomitos de atún en lata,11176
2017,05,Margarina,15000
2017,05,Panela*,3961
2017,05,Pastas alimenticias,4333
2017,05,Salsa de tomate doy pack,16014
2017,06,Ahuyama,1378
2017,06,Arveja verde en vaina,4456
2017,06,Cebolla cabezona blanca,1957
2017,06,Cebolla junca,2043
2017,06,Chócolo mazorca,586
2017,06,Habichuela,2137
2017,06,Lechuga Batavia,995
2017,06,Pepino cohombro,946
2017,06,Pimentón,1433
2017,06,Remolacha,1377
2017,06,Tomate*,2160
2017,06,Zanahoria,3731
2017,06,Aguacate *,2887
2017,06,Banano*,1084
2017,06,Coco,2030
2017,06,Granadilla,3333
2017,06,Guayaba pera,1358
2017,06,Limón Tahití,1038
2017,06,Lulo,2024
2017,06,Mandarina*,1315
2017,06,Mango Tommy,1527
2017,06,Manzana verde importada,4659
2017,06,Maracuyá,1580
2017,06,Mora de Castilla,2439
2017,06,Naranja Valencia,n.d.
2017,06,Papaya maradol,1406
2017,06,Piña *,761
2017,06,Tomate de árbol,2397
2017,06,Uva red globe nacional,4335
2017,06,Arracacha*,887
2017,06,Papa negra*,507
2017,06,Papa criolla,1281
2017,06,Plátano hartón verde,844
2017,06,Yuca*,769
2017,06,Arroz de primera,2568
2017,06,Arveja verde seca importada,2430
2017,06,Fríjol seco*,3900
2017,06,Garbanzo importado,n.d.
2017,06,Lenteja importada,4641
2017,06,Maíz amarillo trillado,1700
2017,06,Huevo tipo AA**,280
2017,06,Queso costeño,8033
2017,06,"Carne de cerdo, costilla",8988
2017,06,"Carne de res, bola de brazo",16131
2017,06,Pechuga de pollo,7538
2017,06,Aceite vegetal mezcla**,5767
2017,06,Azúcar sulfitada,2277
2017,06,Galletas saladas,10090
2017,06,Harina de trigo,2801
2017,06,Harina precocida de maíz,2514
2017,06,Lomitos de atún en lata,11195
2017,06,Margarina,14967
2017,06,Panela*,3951
2017,06,Pastas alimenticias,4309
2017,06,Salsa de tomate doy pack,16014
2017,07,Ahuyama,1318
2017,07,Apio,1250
2017,07,Arveja verde en vaina,5105
2017,07,Cebolla cabezona blanca,1535
2017,07,Cebolla junca,2196
2017,07,Chócolo mazorca,860
2017,07,Habichuela,1484
2017,07,Lechuga Batavia,869
2017,07,Pepino cohombro,527
2017,07,Pimentón,1694
2017,07,Remolacha,2369
2017,07,Tomate*,1636
2017,07,Zanahoria,2669
2017,07,Aguacate *,2327
2017,07,Banano*,965
2017,07,Coco,1906
2017,07,Granadilla,4313
2017,07,Guayaba pera,1302
2017,07,Limón Tahití,1045
2017,07,Lulo,2416
2017,07,Mandarina*,1568
2017,07,Mango Tommy,2968
2017,07,Manzana verde importada,6341
2017,07,Maracuyá,2196
2017,07,Mora de Castilla,2656
2017,07,Naranja Valencia,n.d.
2017,07,Papaya maradol,1370
2017,07,Piña *,785
2017,07,Tomate de árbol,2323
2017,07,Uva red globe nacional,5313
2017,07,Arracacha*,987
2017,07,Papa negra*,527
2017,07,Papa criolla,1502
2017,07,Plátano hartón verde,761
2017,07,Yuca*,750
2017,07,Arroz de primera,2509
2017,07,Arveja verde seca importada,2400
2017,07,Fríjol seco*,3932
2017,07,Garbanzo importado,n.d.
2017,07,Lenteja importada,4571
2017,07,Maíz amarillo trillado,1700
2017,07,Huevo tipo A**,253
2017,07,Queso costeño,9513
2017,07,"Carne de cerdo, costilla",8300
2017,07,"Carne de res, lomo fino",n.d.
2017,07,Pechuga de pollo,7550
2017,07,Aceite vegetal mezcla**,5778
2017,07,Azúcar sulfitada,2136
2017,07,Galletas saladas,10168
2017,07,Harina de trigo,2821
2017,07,Harina precocida de maíz,2567
2017,07,Lomitos de atún en lata,11217
2017,07,Margarina,14867
2017,07,Panela*,3958
2017,07,Pastas alimenticias,4292
2017,07,Salsa de tomate doy pack,16014
2017,08,Ahuyama,1025
2017,08,Arveja verde en vaina,4057
2017,08,Cebolla cabezona blanca,1353
2017,08,Cebolla junca,2121
2017,08,Chócolo mazorca,811
2017,08,Habichuela,1356
2017,08,Lechuga Batavia,750
2017,08,Pepino cohombro,890
2017,08,Pimentón,1463
2017,08,Remolacha,2196
2017,08,Tomate*,1620
2017,08,Zanahoria,2333
2017,08,Aguacate *,2294
2017,08,Banano*,959
2017,08,Coco,1926
2017,08,Granadilla,3717
2017,08,Guayaba pera,1330
2017,08,Limón Tahití,1825
2017,08,Lulo,2621
2017,08,Mandarina*,1823
2017,08,Mango Tommy,5114
2017,08,Manzana verde importada,6868
2017,08,Maracuyá,2066
2017,08,Mora de Castilla,2556
2017,08,Naranja Valencia,n.d.
2017,08,Papaya maradol,1477
2017,08,Piña *,770
2017,08,Tomate de árbol,1935
2017,08,Uva red globe nacional,6434
2017,08,Arracacha*,969
2017,08,Papa negra*,502
2017,08,Papa criolla,1998
2017,08,Plátano hartón verde,683
2017,08,Yuca*,702
2017,08,Arroz de primera,2473
2017,08,Arveja verde seca importada,2400
2017,08,Fríjol seco*,3943
2017,08,Garbanzo importado,n.d.
2017,08,Lenteja importada,4583
2017,08,Maíz amarillo trillado,1700
2017,08,Huevo tipo A**,255
2017,08,Queso costeño,9083
2017,08,"Carne de cerdo, costilla",9900
2017,08,"Carne de res, lomo fino",n.d.
2017,08,Pechuga de pollo,7550
2017,08,Aceite vegetal mezcla**,5788
2017,08,Azúcar sulfitada,1982
2017,08,Galletas saladas,10168
2017,08,Harina de trigo,2821
2017,08,Harina precocida de maíz,2563
2017,08,Lomitos de atún en lata,11209
2017,08,Margarina,14833
2017,08,Panela*,3955
2017,08,Pastas alimenticias,4292
2017,08,Salsa de tomate doy pack,16014
2017,09,Ahuyama,991
2017,09,Arveja verde en vaina,2448
2017,09,Cebolla cabezona blanca,1173
2017,09,Cebolla junca,1888
2017,09,Chócolo mazorca,815
2017,09,Habichuela,1116
2017,09,Lechuga Batavia,476
2017,09,Pepino cohombro,890
2017,09,Pimentón,1339
2017,09,Remolacha,1381
2017,09,Tomate*,1086
2017,09,Zanahoria,1098
2017,09,Aguacate *,3063
2017,09,Banano*,962
2017,09,Coco,1977
2017,09,Granadilla,3132
2017,09,Guayaba pera,1229
2017,09,Limón Tahití,2859
2017,09,Lulo,2669
2017,09,Mandarina*,1626
2017,09,Mango Tommy,5540
2017,09,Manzana verde importada,6524
2017,09,Maracuyá,1973
2017,09,Mora de Castilla,2193
2017,09,Naranja Valencia,n.d.
2017,09,Papaya maradol,1410
2017,09,Piña *,744
2017,09,Tomate de árbol,1777
2017,09,Uva red globe nacional,5531
2017,09,Arracacha*,1096
2017,09,Papa negra*,571
2017,09,Papa criolla,1982
2017,09,Plátano hartón verde,680
2017,09,Yuca*,691
2017,09,Arroz de primera,2335
2017,09,Arveja verde seca importada,2400
2017,09,Fríjol seco*,3947
2017,09,Garbanzo importado,n.d.
2017,09,Lenteja importada,4627
2017,09,Maíz amarillo trillado,1700
2017,09,Huevo tipo AA**,280
2017,09,Queso costeño,9850
2017,09,"Carne de cerdo, costilla",10250
2017,09,"Carne de res, bola de pierna",16550
2017,09,Pechuga de pollo,7413
2017,09,Aceite vegetal mezcla**,5792
2017,09,Azúcar sulfitada,1868
2017,09,Galletas saladas,10168
2017,09,Harina de trigo,2815
2017,09,Harina precocida de maíz,2556
2017,09,Lomitos de atún en lata,11209
2017,09,Margarina,14800
2017,09,Panela*,3958
2017,09,Pastas alimenticias,4292
2017,09,Salsa de tomate doy pack,16014
2017,10,Ahuyama,980
2017,10,Arveja verde en vaina,1412
2017,10,Cebolla cabezona blanca,1219
2017,10,Cebolla junca,973
2017,10,Chócolo mazorca,948
2017,10,Habichuela,1318
2017,10,Lechuga Batavia,504
2017,10,Pepino cohombro,1026
2017,10,Pimentón,1281
2017,10,Remolacha,1085
2017,10,Tomate*,1018
2017,10,Zanahoria,1054
2017,10,Aguacate *,4404
2017,10,Banano*,967
2017,10,Coco,1939
2017,10,Granadilla,2945
2017,10,Guayaba pera,1283
2017,10,Limón Tahití,2140
2017,10,Lulo,2338
2017,10,Mandarina*,1535
2017,10,Mango Tommy,3889
2017,10,Manzana verde importada,5973
2017,10,Maracuyá,2476
2017,10,Mora de Castilla,1876
2017,10,Naranja Valencia,n.d.
2017,10,Papaya maradol,1398
2017,10,Piña *,759
2017,10,Tomate de árbol,1476
2017,10,Uva red globe nacional,3937
2017,10,Arracacha*,1469
2017,10,Papa negra*,863
2017,10,Papa criolla,1639
2017,10,Plátano hartón verde,797
2017,10,Yuca*,692
2017,10,Arroz de primera,2197
2017,10,Arveja verde seca importada,2400
2017,10,Fríjol seco*,3947
2017,10,Garbanzo importado,n.d.
2017,10,Lenteja importada,4621
2017,10,Maíz amarillo trillado,1700
2017,10,Huevo tipo AA**,280
2017,10,Queso costeño,10347
2017,10,"Carne de cerdo, pernil sin hueso",13540
2017,10,"Carne de res, lomo fino",n.d.
2017,10,Pechuga de pollo,7270
2017,10,Aceite vegetal mezcla**,5792
2017,10,Azúcar sulfitada,1976
2017,10,Galletas saladas,10168
2017,10,Harina de trigo,2821
2017,10,Harina precocida de maíz,2556
2017,10,Lomitos de atún en lata,11247
2017,10,Margarina,14800
2017,10,Panela*,3958
2017,10,Pastas alimenticias,4292
2017,10,Salsa de tomate doy pack,16014
2017,11,Ahuyama,945
2017,11,Arveja verde en vaina,1128
2017,11,Cebolla cabezona blanca,1436
2017,11,Cebolla junca,654
2017,11,Chócolo mazorca,755
2017,11,Habichuela,1616
2017,11,Lechuga Batavia,612
2017,11,Pepino cohombro,890
2017,11,Pimentón,1422
2017,11,Remolacha,734
2017,11,Tomate*,1557
2017,11,Zanahoria,969
2017,11,Aguacate *,4488
2017,11,Banano*,968
2017,11,Coco,1939
2017,11,Granadilla,2647
2017,11,Guayaba pera,1417
2017,11,Limón Tahití,1607
2017,11,Lulo,2263
2017,11,Mandarina*,1518
2017,11,Mango Tommy,2134
2017,11,Manzana verde importada,6006
2017,11,Maracuyá,1981
2017,11,Mora de Castilla,2057
2017,11,Naranja Valencia,n.d.
2017,11,Papaya maradol,1273
2017,11,Pera importada,5702
2017,11,Piña *,829
2017,11,Tomate de árbol,1271
2017,11,Uva red globe nacional,3560
2017,11,Arracacha*,1280
2017,11,Papa negra*,1177
2017,11,Papa criolla,1654
2017,11,Plátano hartón verde,845
2017,11,Yuca*,688
2017,11,Arroz de primera,2160
2017,11,Arveja verde seca importada,2400
2017,11,Fríjol seco*,3947
2017,11,Garbanzo importado,n.d.
2017,11,Lenteja importada,4620
2017,11,Maíz amarillo trillado,1700
2017,11,Huevo tipo AA**,280
2017,11,Queso costeño,10900
2017,11,"Carne de cerdo, lomo sin hueso",15225
2017,11,"Carne de res, lomo fino",n.d.
2017,11,Pechuga de pollo,7300
2017,11,Aceite vegetal mezcla**,5792
2017,11,Azúcar sulfitada,2035
2017,11,Galletas saladas,10168
2017,11,Harina de trigo,2821
2017,11,Harina precocida de maíz,2556
2017,11,Lomitos de atún en lata,11283
2017,11,Margarina,14800
2017,11,Panela*,3958
2017,11,Pastas alimenticias,4292
2017,11,Salsa de tomate doy pack,16014
2017,12,Ahuyama,867
2017,12,Arveja verde en vaina,1382
2017,12,Cebolla cabezona blanca,1562
2017,12,Cebolla junca,747
2017,12,Chócolo mazorca,703
2017,12,Habichuela,1548
2017,12,Lechuga Batavia,640
2017,12,Pepino cohombro,744
2017,12,Pimentón,1395
2017,12,Remolacha,589
2017,12,Tomate*,1454
2017,12,Zanahoria,1321
2017,12,Aguacate *,3723
2017,12,Banano*,977
2017,12,Coco,1939
2017,12,Granadilla,3154
2017,12,Guayaba pera,1227
2017,12,Limón Tahití,1210
2017,12,Lulo,1923
2017,12,Mandarina*,1541
2017,12,Mango Tommy,1334
2017,12,Manzana verde importada,5933
2017,12,Maracuyá,1610
2017,12,Mora de Castilla,2076
2017,12,Naranja Valencia,n.d.
2017,12,Papaya maradol,1286
2017,12,Pera importada,5935
2017,12,Piña *,831
2017,12,Tomate de árbol,1210
2017,12,Uva red globe nacional,4160
2017,12,Arracacha*,1121
2017,12,Papa negra*,1191
2017,12,Papa criolla,1359
2017,12,Plátano hartón verde,844
2017,12,Yuca*,694
2017,12,Arroz de primera,2160
2017,12,Arveja verde seca importada,2400
2017,12,Fríjol seco*,3947
2017,12,Garbanzo importado,n.d.
2017,12,Lenteja importada,4620
2017,12,Maíz amarillo trillado,1700
2017,12,Huevo tipo AA**,280
2017,12,Queso costeño,12000
2017,12,"Carne de cerdo, lomo sin hueso",15225
2017,12,"Carne de res, sobrebarriga",14763
2017,12,Pechuga de pollo,7300
2017,12,Aceite vegetal mezcla**,5792
2017,12,Azúcar sulfitada,2065
2017,12,Galletas saladas,10170
2017,12,Harina de trigo,2821
2017,12,Harina precocida de maíz,2549
2017,12,Lomitos de atún en lata,11283
2017,12,Margarina,14800
2017,12,Panela*,3955
2017,12,Pastas alimenticias,4292
2017,12,Salsa de tomate doy pack,16014
2018,01,Ahuyama,852
2018,01,Arveja verde en vaina,2073
2018,01,Cebolla cabezona blanca,1315
2018,01,Cebolla junca,816
2018,01,Chócolo mazorca,719
2018,01,Habichuela,1956
2018,01,Lechuga Batavia,673
2018,01,Pepino cohombro,775
2018,01,Pimentón,2047
2018,01,Remolacha,760
2018,01,Tomate*,1968
2018,01,Zanahoria,1473
2018,01,Aguacate *,3639
2018,01,Banano*,969
2018,01,Coco,1909
2018,01,Granadilla,5250
2018,01,Guayaba pera,1190
2018,01,Limón común,-
2018,01,Lulo,2084
2018,01,Mandarina*,1811
2018,01,Mango Tommy,1478
2018,01,Manzana verde importada,6191
2018,01,Maracuyá,1842
2018,01,Mora de Castilla,3048
2018,01,Naranja Valencia,n.d.
2018,01,Papaya maradol,1405
2018,01,Piña *,773
2018,01,Tomate de árbol,1255
2018,01,Uva red globe nacional,5552
2018,01,Arracacha*,1187
2018,01,Papa negra*,1096
2018,01,Papa criolla,1126
2018,01,Plátano hartón verde,858
2018,01,Yuca*,869
2018,01,Arroz de primera,2160
2018,01,Arveja verde seca importada,2400
2018,01,Fríjol seco*,3947
2018,01,Garbanzo importado,n.d.
2018,01,Lenteja importada,4620
2018,01,Maíz blanco trillado,1600
2018,01,Huevo tipo A**,257
2018,01,Queso costeño,10840
2018,01,"Carne de cerdo, lomo sin hueso",15235
2018,01,"Carne de res, lomo fino",n.d.
2018,01,Pechuga de pollo,7300
2018,01,Aceite vegetal mezcla**,5792
2018,01,Azúcar sulfitada,1959
2018,01,Galletas saladas,10176
2018,01,Harina de trigo,2821
2018,01,Harina precocida de maíz,2544
2018,01,Lomitos de atún en lata,11283
2018,01,Margarina,14800
2018,01,Panela*,3592
2018,01,Pastas alimenticias,4325
2018,01,Salsa de tomate doy pack,16025
2018,02,Ahuyama,804
2018,02,Arveja verde en vaina,2742
2018,02,Cebolla cabezona blanca,1111
2018,02,Cebolla junca,1001
2018,02,Chócolo mazorca,829
2018,02,Habichuela,1463
2018,02,Lechuga Batavia,888
2018,02,Pepino cohombro,833
2018,02,Pimentón,2276
2018,02,Remolacha,857
2018,02,Tomate*,1515
2018,02,Zanahoria,1946
2018,02,Aguacate *,4482
2018,02,Banano*,963
2018,02,Coco,1920
2018,02,Granadilla,5401
2018,02,Guayaba pera,1438
2018,02,Limón Tahití,1036
2018,02,Lulo,2026
2018,02,Mandarina*,2360
2018,02,Mango Tommy,2105
2018,02,Manzana verde importada,6131
2018,02,Maracuyá,2522
2018,02,Mora de Castilla,3026
2018,02,Naranja Valencia,n.d.
2018,02,Papaya maradol,1570
2018,02,Pera importada,5455
2018,02,Piña *,882
2018,02,Tomate de árbol,1419
2018,02,Uva red globe nacional,4292
2018,02,Arracacha*,1283
2018,02,Papa negra*,923
2018,02,Papa criolla,1158
2018,02,Plátano hartón verde,973
2018,02,Yuca*,835
2018,02,Arroz de primera,2160
2018,02,Arveja verde seca importada,2400
2018,02,Fríjol seco*,3947
2018,02,Garbanzo importado,n.d.
2018,02,Lenteja importada,4620
2018,02,Maíz amarillo trillado,1700
2018,02,Huevo tipo A**,248
2018,02,Queso costeño,10625
2018,02,"Carne de cerdo, lomo sin hueso",15231
2018,02,"Carne de res, lomo fino",n.d.
2018,02,Pechuga de pollo,7300
2018,02,Aceite vegetal mezcla**,5792
2018,02,Azúcar sulfitada,1897
2018,02,Galletas saladas,10176
2018,02,Harina de trigo,2821
2018,02,Harina precocida de maíz,2549
2018,02,Lomitos de atún en lata,11283
2018,02,Margarina,14800
2018,02,Panela*,3146
2018,02,Pastas alimenticias,4333
2018,02,Salsa de tomate doy pack,16028
2018,03,Ahuyama,733
2018,03,Arveja verde en vaina,2635
2018,03,Cebolla cabezona blanca,786
2018,03,Cebolla junca,1256
2018,03,Chócolo mazorca,999
2018,03,Habichuela,1804
2018,03,Lechuga Batavia,931
2018,03,Pepino cohombro,746
2018,03,Pimentón,2635
2018,03,Remolacha,1046
2018,03,Tomate*,2282
2018,03,Zanahoria,2158
2018,03,Aguacate *,5345
2018,03,Banano*,968
2018,03,Coco,1877
2018,03,Granadilla,4034
2018,03,Guayaba pera,1424
2018,03,Limón Tahití,2061
2018,03,Lulo,1862
2018,03,Mandarina*,2932
2018,03,Mango Tommy,3152
2018,03,Manzana verde importada,5601
2018,03,Maracuyá,3074
2018,03,Mora de Castilla,3374
2018,03,Naranja Valencia,n.d.
2018,03,Papaya maradol,1645
2018,03,Pera importada,5007
2018,03,Piña *,852
2018,03,Tomate de árbol,1754
2018,03,Uva red globe nacional,4004
2018,03,Arracacha*,1261
2018,03,Papa negra*,933
2018,03,Papa criolla,1116
2018,03,Plátano hartón verde,956
2018,03,Yuca*,770
2018,03,Arroz de primera,2153
2018,03,Arveja verde seca importada,2400
2018,03,Fríjol seco*,3947
2018,03,Garbanzo importado,n.d.
2018,03,Lenteja importada,4620
2018,03,Maíz blanco trillado,1580
2018,03,Huevo tipo A**,248
2018,03,Queso costeño,10692
2018,03,"Carne de cerdo, lomo sin hueso",15063
2018,03,"Carne de res, lomo fino",n.d.
2018,03,Pechuga de pollo,7331
2018,03,Aceite vegetal mezcla**,5792
2018,03,Azúcar sulfitada,1755
2018,03,Galletas saladas,10176
2018,03,Harina de trigo,2821
2018,03,Harina precocida de maíz,2549
2018,03,Lomitos de atún en lata,11283
2018,03,Margarina,14800
2018,03,Panela*,2875
2018,03,Pastas alimenticias,4333
2018,03,Salsa de tomate doy pack,16028
2018,04,Ahuyama,663
2018,04,Arveja verde en vaina,2578
2018,04,Cebolla cabezona blanca,813
2018,04,Cebolla junca,1160
2018,04,Chócolo mazorca,1011
2018,04,Habichuela,2151
2018,04,Lechuga Batavia,714
2018,04,Pepino cohombro,448
2018,04,Pimentón,2584
2018,04,Remolacha,954
2018,04,Tomate*,0
2018,04,Zanahoria,1767
2018,04,Aguacate *,5176
2018,04,Banano*,969
2018,04,Coco,1834
2018,04,Granadilla,3510
2018,04,Guayaba pera,1487
2018,04,Limón Tahití,2126
2018,04,Lulo,1972
2018,04,Mandarina*,2651
2018,04,Mango Tommy,2294
2018,04,Manzana verde importada,4851
2018,04,Maracuyá,2241
2018,04,Mora de Castilla,3005
2018,04,Naranja Valencia,n.d.
2018,04,Papaya maradol,1271
2018,04,Pera importada,4126
2018,04,Piña *,801
2018,04,Tomate de árbol,1895
2018,04,Uva red globe nacional,3656
2018,04,Arracacha*,1346
2018,04,Papa negra*,848
2018,04,Papa criolla,1468
2018,04,Plátano hartón verde,1123
2018,04,Yuca*,791
2018,04,Arroz de primera,2240
2018,04,Arveja verde seca importada,2400
2018,04,Fríjol seco*,3947
2018,04,Garbanzo importado,n.d.
2018,04,Lenteja importada,4620
2018,04,Maíz blanco trillado,1580
2018,04,Huevo tipo A**,248
2018,04,Queso costeño,11193
2018,04,"Carne de cerdo, costilla",9750
2018,04,"Carne de res, lomo fino",n.d.
2018,04,Pechuga de pollo,7350
2018,04,Aceite vegetal mezcla**,5792
2018,04,Azúcar sulfitada,1684
2018,04,Galletas saladas,10176
2018,04,Harina de trigo,2804
2018,04,Harina precocida de maíz,2572
2018,04,Lomitos de atún en lata,11283
2018,04,Margarina,14800
2018,04,Panela*,2808
2018,04,Pastas alimenticias,4333
2018,04,Salsa de tomate doy pack,16028
2018,05,Ahuyama,684
2018,05,Arveja verde en vaina,3002
2018,05,Cebolla cabezona blanca,747
2018,05,Cebolla junca,1028
2018,05,Chócolo mazorca,601
2018,05,Habichuela,2560
2018,05,Lechuga Batavia,733
2018,05,Pepino cohombro,414
2018,05,Pimentón,2654
2018,05,Remolacha,1042
2018,05,Tomate*,n.d.
2018,05,Zanahoria,1645
2018,05,Aguacate *,3677
2018,05,Banano*,962
2018,05,Coco,1814
2018,05,Granadilla,4621
2018,05,Guayaba pera,1479
2018,05,Limón Tahití,1499
2018,05,Lulo,2200
2018,05,Mandarina*,1773
2018,05,Mango Tommy,2147
2018,05,Manzana verde importada,4524
2018,05,Maracuyá,2237
2018,05,Mora de Castilla,2843
2018,05,Naranja Valencia,n.d.
2018,05,Papaya maradol,1089
2018,05,Piña *,751
2018,05,Tomate de árbol,1944
2018,05,Uva red globe nacional,3442
2018,05,Arracacha*,1458
2018,05,Papa negra*,739
2018,05,Papa criolla,1189
2018,05,Plátano hartón verde,1106
2018,05,Yuca*,1015
2018,05,Arroz de primera,2288
2018,05,Arveja verde seca importada,2400
2018,05,Fríjol seco*,3947
2018,05,Garbanzo importado,n.d.
2018,05,Lenteja importada,4650
2018,05,Maíz blanco trillado,1565
2018,05,Huevo tipo A**,256
2018,05,Queso costeño,9808
2018,05,"Carne de cerdo, lomo sin hueso",14450
2018,05,"Carne de res, lomo fino",n.d.
2018,05,Pechuga de pollo,7500
2018,05,Aceite vegetal mezcla**,5792
2018,05,Azúcar sulfitada,1720
2018,05,Galletas saladas,10176
2018,05,Harina de trigo,2860
2018,05,Harina precocida de maíz,2653
2018,05,Lomitos de atún en lata,11283
2018,05,Margarina,14950
2018,05,Panela*,2688
2018,05,Pastas alimenticias,4333
2018,05,Salsa de tomate doy pack,16028
2018,06,Ahuyama,732
2018,06,Arveja verde en vaina,2938
2018,06,Cebolla cabezona blanca,733
2018,06,Cebolla junca,1233
2018,06,Chócolo mazorca,536
2018,06,Habichuela,2349
2018,06,Lechuga Batavia,1220
2018,06,Pepino cohombro,711
2018,06,Pimentón,2597
2018,06,Remolacha,1310
2018,06,Tomate*,n.d.
2018,06,Zanahoria,1497
2018,06,Aguacate *,2493
2018,06,Banano*,967
2018,06,Coco,1818
2018,06,Granadilla,4701
2018,06,Guayaba pera,1414
2018,06,Limón Tahití,1018
2018,06,Lulo,2249
2018,06,Mandarina*,1667
2018,06,Mango Tommy,1981
2018,06,Manzana verde importada,4368
2018,06,Maracuyá,1969
2018,06,Mora de Castilla,3245
2018,06,Naranja Valencia,n.d.
2018,06,Papaya maradol,1160
2018,06,Piña *,745
2018,06,Tomate de árbol,2103
2018,06,Uva red globe nacional,3572
2018,06,Arracacha*,1687
2018,06,Papa negra*,573
2018,06,Papa criolla,1151
2018,06,Plátano hartón verde,1056
2018,06,Yuca*,1210
2018,06,Arroz de primera,2288
2018,06,Arveja verde seca importada,2400
2018,06,Fríjol seco*,3947
2018,06,Garbanzo importado,n.d.
2018,06,Lenteja importada,4660
2018,06,Maíz blanco trillado,1560
2018,06,Huevo tipo A**,259
2018,06,Queso costeño,9900
2018,06,"Carne de cerdo, lomo sin hueso",14381
2018,06,"Carne de res, cadera",14931
2018,06,Pechuga de pollo,7500
2018,06,Aceite vegetal mezcla**,5792
2018,06,Azúcar refinada,n.d.
2018,06,Galletas saladas,10176
2018,06,Harina de trigo,2880
2018,06,Harina precocida de maíz,2722
2018,06,Lomitos de atún en lata,11283
2018,06,Margarina,15500
2018,06,Panela*,2542
2018,06,Pastas alimenticias,4333
2018,06,Salsa de tomate doy pack,16028
2018,07,Ahuyama,782
2018,07,Arveja verde en vaina,2818
2018,07,Cebolla cabezona blanca,830
2018,07,Cebolla junca,930
2018,07,Chócolo mazorca,501
2018,07,Habichuela,1066
2018,07,Lechuga Batavia,919
2018,07,Pepino cohombro,640
2018,07,Pimentón,2490
2018,07,Remolacha,1563
2018,07,Tomate*,n.d.
2018,07,Zanahoria,1552
2018,07,Aguacate *,2075
2018,07,Banano*,981
2018,07,Coco,1818
2018,07,Granadilla,5220
2018,07,Guayaba pera,1471
2018,07,Limón Tahití,981
2018,07,Lulo,2325
2018,07,Mandarina*,1793
2018,07,Mango Tommy,2369
2018,07,Manzana verde importada,4531
2018,07,Maracuyá,1742
2018,07,Mora de Castilla,3061
2018,07,Naranja Valencia,n.d.
2018,07,Papaya maradol,1259
2018,07,Piña *,744
2018,07,Tomate de árbol,2073
2018,07,Uva red globe nacional,5038
2018,07,Arracacha*,1856
2018,07,Papa negra*,565
2018,07,Papa criolla,991
2018,07,Plátano hartón verde,996
2018,07,Yuca*,1211
2018,07,Arroz de primera,2234
2018,07,Arveja verde seca importada,2400
2018,07,Fríjol seco*,3947
2018,07,Garbanzo importado,n.d.
2018,07,Lenteja importada,4660
2018,07,Maíz blanco trillado,1560
2018,07,Huevo tipo A**,257
2018,07,Queso costeño,9680
2018,07,"Carne de cerdo, lomo sin hueso",14350
2018,07,"Carne de res, cadera",n.d.
2018,07,Pechuga de pollo,7500
2018,07,Aceite vegetal mezcla**,5792
2018,07,Azúcar sulfitada,1636
2018,07,Galletas saladas,10176
2018,07,Harina de trigo,2880
2018,07,Harina precocida de maíz,2722
2018,07,Lomitos de atún en lata,11283
2018,07,Margarina,15500
2018,07,Panela*,2475
2018,07,Pastas alimenticias,4333
2018,07,Salsa de tomate doy pack,16028
2018,08,Ahuyama,765
2018,08,Arveja verde en vaina,3137
2018,08,Cebolla cabezona blanca,892
2018,08,Cebolla junca,832
2018,08,Chócolo mazorca,881
2018,08,Habichuela,2104
2018,08,Lechuga Batavia,858
2018,08,Pepino cohombro,589
2018,08,Pimentón,1390
2018,08,Remolacha,1512
2018,08,Tomate*,1820
2018,08,Zanahoria,978
2018,08,Aguacate *,2320
2018,08,Banano*,960
2018,08,Coco,1818
2018,08,Granadilla,4099
2018,08,Guayaba pera,1349
2018,08,Limón Tahití,1181
2018,08,Lulo,2268
2018,08,Mandarina*,1837
2018,08,Mango Tommy,4863
2018,08,Manzana verde importada,4586
2018,08,Maracuyá,2344
2018,08,Mora de Castilla,2676
2018,08,Naranja Valencia,n.d.
2018,08,Papaya maradol,1342
2018,08,Piña *,745
2018,08,Tomate de árbol,1954
2018,08,Uva red globe nacional,5810
2018,08,Arracacha*,1615
2018,08,Papa negra*,598
2018,08,Papa criolla,993
2018,08,Plátano hartón verde,955
2018,08,Yuca*,1343
2018,08,Arroz de primera,2217
2018,08,Arveja verde seca importada,2400
2018,08,Fríjol seco*,3947
2018,08,Garbanzo importado,n.d.
2018,08,Lenteja importada,4660
2018,08,Maíz blanco trillado,1560
2018,08,Huevo tipo A**,258
2018,08,Queso costeño,11075
2018,08,"Carne de cerdo, costilla",9350
2018,08,"Carne de res, lomo fino",n.d.
2018,08,Pechuga de pollo,7500
2018,08,Aceite vegetal mezcla**,5792
2018,08,Azúcar sulfitada,1598
2018,08,Galletas saladas,10176
2018,08,Harina de trigo,2880
2018,08,Harina precocida de maíz,2722
2018,08,Lomitos de atún en lata,11283
2018,08,Margarina,15500
2018,08,Panela*,2438
2018,08,Pastas alimenticias,4333
2018,08,Salsa de tomate doy pack,16028
2018,09,Ahuyama,709
2018,09,Arveja verde en vaina,2484
2018,09,Cebolla cabezona blanca,1201
2018,09,Cebolla junca,594
2018,09,Chócolo mazorca,960
2018,09,Habichuela,2461
2018,09,Lechuga Batavia,730
2018,09,Pepino cohombro,781
2018,09,Pimentón,1307
2018,09,Remolacha,1247
2018,09,Tomate*,1524
2018,09,Zanahoria,888
2018,09,Aguacate *,2744
2018,09,Banano*,935
2018,09,Coco,1818
2018,09,Granadilla,3686
2018,09,Guayaba pera,1349
2018,09,Limón Tahití,2146
2018,09,Lulo,2416
2018,09,Mandarina*,1900
2018,09,Mango Tommy,5575
2018,09,Manzana verde importada,4603
2018,09,Maracuyá,2321
2018,09,Mora de Castilla,2164
2018,09,Naranja Valencia,n.d.
2018,09,Papaya maradol,1934
2018,09,Piña *,761
2018,09,Tomate de árbol,1651
2018,09,Uva red globe nacional,5801
2018,09,Arracacha*,1764
2018,09,Papa negra*,653
2018,09,Papa criolla,966
2018,09,Plátano hartón verde,1047
2018,09,Yuca*,1526
2018,09,Arroz de primera,2210
2018,09,Arveja verde seca importada,2400
2018,09,Fríjol seco*,3947
2018,09,Garbanzo importado,n.d.
2018,09,Lenteja importada,4660
2018,09,Maíz blanco trillado,1560
2018,09,Huevo tipo AA**,273
2018,09,Queso costeño,10375
2018,09,"Carne de cerdo, pernil sin hueso",12450
2018,09,"Carne de res, lomo fino",n.d.
2018,09,Pechuga de pollo,7500
2018,09,Aceite vegetal mezcla**,5792
2018,09,Azúcar sulfitada,1580
2018,09,Galletas saladas,10176
2018,09,Harina de trigo,2880
2018,09,Harina precocida de maíz,2722
2018,09,Lomitos de atún en lata,11283
2018,09,Margarina,15500
2018,09,Panela*,2417
2018,09,Pastas alimenticias,4351
2018,09,Salsa de tomate doy pack,16028
2018,10,Ahuyama,828
2018,10,Arveja verde en vaina,1531
2018,10,Cebolla cabezona blanca,1555
2018,10,Cebolla junca,520
2018,10,Chócolo mazorca,912
2018,10,Habichuela,1464
2018,10,Lechuga Batavia,590
2018,10,Pepino cohombro,798
2018,10,Pimentón,1652
2018,10,Remolacha,695
2018,10,Tomate*,1335
2018,10,Zanahoria,974
2018,10,Aguacate *,4069
2018,10,Banano*,936
2018,10,Coco,1818
2018,10,Granadilla,3252
2018,10,Guayaba pera,1336
2018,10,Limón Tahití,2176
2018,10,Lulo,2462
2018,10,Mandarina*,1767
2018,10,Mango Tommy,3105
2018,10,Manzana verde importada,4623
2018,10,Maracuyá,2932
2018,10,Mora de Castilla,2457
2018,10,Naranja Valencia,-
2018,10,Papaya maradol,1614
2018,10,Piña *,917
2018,10,Tomate de árbol,1903
2018,10,Uva red globe nacional,4659
2018,10,Arracacha*,1793
2018,10,Papa negra*,865
2018,10,Papa criolla,1007
2018,10,Plátano hartón verde,1128
2018,10,Yuca*,1540
2018,10,Arroz de primera,2210
2018,10,Arveja verde seca importada,2400
2018,10,Fríjol seco*,3947
2018,10,Garbanzo importado,-
2018,10,Lenteja importada,4660
2018,10,Maíz blanco trillado,1560
2018,10,Huevo tipo AA**,273
2018,10,Queso costeño,10840
2018,10,"Carne de cerdo, lomo sin hueso",14350
2018,10,"Carne de res, lomo fino",-
2018,10,Pechuga de pollo,7460
2018,10,Aceite vegetal mezcla**,5792
2018,10,Azúcar sulfitada,1608
2018,10,Galletas saladas,10176
2018,10,Harina de trigo,2880
2018,10,Harina precocida de maíz,2739
2018,10,Lomitos de atún en lata,11283
2018,10,Margarina,15500
2018,10,Panela*,2417
2018,10,Pastas alimenticias,4403
2018,10,Salsa de tomate doy pack,16028
2018,11,Ahuyama,1025
2018,11,Arveja verde en vaina,1421
2018,11,Cebolla cabezona blanca,1391
2018,11,Cebolla junca,540
2018,11,Chócolo mazorca,621
2018,11,Habichuela,1445
2018,11,Lechuga Batavia,656
2018,11,Pepino cohombro,503
2018,11,Pimentón,1525
2018,11,Remolacha,580
2018,11,Repollo blanco,546
2018,11,Tomate*,1107
2018,11,Zanahoria,872
2018,11,Aguacate *,4266
2018,11,Banano*,933
2018,11,Coco,1818
2018,11,Granadilla,3146
2018,11,Guayaba pera,1419
2018,11,Limón Tahití,1297
2018,11,Lulo,2493
2018,11,Mandarina*,1565
2018,11,Mango Tommy,1493
2018,11,Manzana verde importada,4683
2018,11,Maracuyá,2365
2018,11,Mora de Castilla,2266
2018,11,Naranja Valencia,n.d.
2018,11,Papaya maradol,1241
2018,11,Piña *,952
2018,11,Tomate de árbol,1733
2018,11,Uva red globe nacional,3678
2018,11,Arracacha*,1370
2018,11,Papa negra*,957
2018,11,Papa criolla,1103
2018,11,Plátano hartón verde,1208
2018,11,Yuca*,1526
2018,11,Arroz de primera,2240
2018,11,Arveja verde seca importada,2400
2018,11,Fríjol seco*,3947
2018,11,Garbanzo importado,n.d.
2018,11,Lenteja importada,4660
2018,11,Maíz blanco trillado,1560
2018,11,Huevo tipo AA**,316
2018,11,Queso costeño,11575
2018,11,"Carne de cerdo, lomo sin hueso",14350
2018,11,"Carne de res, lomo fino",n.d.
2018,11,Pechuga de pollo,7338
2018,11,Aceite vegetal mezcla**,5792
2018,11,Tilapia roja entera fresca,n.d.
2018,11,Azúcar sulfitada,1867
2018,11,Galletas saladas,10176
2018,11,Harina de trigo,2880
2018,11,Harina precocida de maíz,2833
2018,11,Lomitos de atún en lata,11283
2018,11,Margarina,15500
2018,11,Panela*,2417
2018,11,Pastas alimenticias,4403
2018,11,Salsa de tomate doy pack,16028
2018,12,Ahuyama,1010
2018,12,Arveja verde en vaina,3006
2018,12,Cebolla cabezona blanca,1609
2018,12,Cebolla junca,1178
2018,12,Chócolo mazorca,515
2018,12,Fríjol verde cargamanto,2319
2018,12,Habichuela,1013
2018,12,Lechuga Batavia,954
2018,12,Pepino cohombro,1059
2018,12,Pimentón,1786
2018,12,Remolacha,639
2018,12,Tomate*,1874
2018,12,Zanahoria,980
2018,12,Aguacate *,3573
2018,12,Banano*,921
2018,12,Coco,1818
2018,12,Granadilla,3152
2018,12,Guayaba pera,1242
2018,12,Limón Tahití,1037
2018,12,Lulo,2675
2018,12,Mandarina*,1509
2018,12,Mango Tommy,1504
2018,12,Manzana verde importada,5112
2018,12,Maracuyá,1813
2018,12,Mora de Castilla,3350
2018,12,Naranja Valencia,n.d.
2018,12,Papaya maradol,1140
2018,12,Pera importada,5336
2018,12,Piña *,990
2018,12,Tomate de árbol,1313
2018,12,Uva red globe nacional,4605
2018,12,Arracacha*,1469
2018,12,Papa negra*,972
2018,12,Papa criolla,1645
2018,12,Plátano hartón verde,1183
2018,12,Yuca*,1574
2018,12,Arroz de primera,2263
2018,12,Arveja verde seca importada,2315
2018,12,Fríjol seco*,4693
2018,12,Garbanzo importado,n.d.
2018,12,Lenteja importada,4084
2018,12,Maíz blanco trillado,1641
2018,12,Huevo tipo A**,283
2018,12,Queso costeño,12887
2018,12,"Carne de cerdo, lomo sin hueso",14006
2018,12,"Carne de res, lomo fino",n.d.
2018,12,Pechuga de pollo,7538
2018,12,Aceite vegetal mezcla**,5866
2018,12,Azúcar sulfitada,1917
2018,12,Galletas saladas,10554
2018,12,Harina de trigo,2993
2018,12,Harina precocida de maíz,3125
2018,12,Lomitos de atún en lata,12247
2018,12,Margarina,16607
2018,12,Panela*,2528
2018,12,Pastas alimenticias,4958
2018,12,Salsa de tomate doy pack,14947
2019,01,Ahuyama,900
2019,01,Arveja verde en vaina,3669
2019,01,Cebolla cabezona blanca,1936
2019,01,Cebolla junca,1670
2019,01,Chócolo mazorca,759
2019,01,Habichuela,2503
2019,01,Lechuga Batavia,1033
2019,01,Pepino cohombro,1522
2019,01,Pimentón,1358
2019,01,Remolacha,742
2019,01,Tomate*,2027
2019,01,Zanahoria,1242
2019,01,Aguacate *,3175
2019,01,Banano*,937
2019,01,Coco,1902
2019,01,Granadilla,4286
2019,01,Guayaba pera,1200
2019,01,Limón Tahití,1108
2019,01,Lulo,2636
2019,01,Mandarina*,1699
2019,01,Mango Tommy,1589
2019,01,Manzana verde importada,6361
2019,01,Maracuyá,2184
2019,01,Mora de Castilla,3639
2019,01,Naranja Valencia,n.d.
2019,01,Papaya maradol,1284
2019,01,Piña *,1301
2019,01,Tomate de árbol,1294
2019,01,Uva red globe nacional,4776
2019,01,Arracacha*,1692
2019,01,Papa negra*,987
2019,01,Papa criolla,1534
2019,01,Plátano hartón verde,1051
2019,01,Yuca*,1696
2019,01,Arroz de primera,2216
2019,01,Arveja verde seca importada,2267
2019,01,Fríjol seco*,5050
2019,01,Garbanzo importado,n.d.
2019,01,Lenteja importada,2825
2019,01,Maíz blanco trillado,1567
2019,01,Huevo tipo A**,282
2019,01,Queso costeño,13442
2019,01,"Carne de cerdo, lomo sin hueso",13645
2019,01,"Carne de res, lomo fino",n.d.
2019,01,Pechuga de pollo,7530
2019,01,Aceite vegetal mezcla**,5818
2019,01,Azúcar sulfitada,1890
2019,01,Galletas saladas,10710
2019,01,Harina de trigo,3030
2019,01,Harina precocida de maíz,3198
2019,01,Lomitos de atún en lata,17561
2019,01,Margarina,16850
2019,01,Panela*,2785
2019,01,Pastas alimenticias,5924
2019,01,Salsa de tomate doy pack,14087
2019,01,Sardinas en lata,8515
2019,02,Ahuyama,756
2019,02,Arveja verde en vaina,3251
2019,02,Cebolla cabezona blanca,1469
2019,02,Cebolla junca,1501
2019,02,Chócolo mazorca,1036
2019,02,Habichuela,1991
2019,02,Lechuga Batavia,802
2019,02,Pepino cohombro,873
2019,02,Pimentón,1414
2019,02,Remolacha,968
2019,02,Tomate*,1405
2019,02,Zanahoria,1210
2019,02,Aguacate *,3867
2019,02,Banano*,907
2019,02,Coco,2077
2019,02,Granadilla,4986
2019,02,Guayaba pera,1302
2019,02,Limón Tahití,1117
2019,02,Lulo,2807
2019,02,Mandarina*,1746
2019,02,Mango Tommy,2321
2019,02,Manzana verde importada,6438
2019,02,Maracuyá,2899
2019,02,Mora de Castilla,2834
2019,02,Naranja Valencia,n.d.
2019,02,Papaya maradol,1423
2019,02,Pera importada,5518
2019,02,Piña *,1075
2019,02,Tomate de árbol,1527
2019,02,Uva red globe nacional,4172
2019,02,Arracacha*,1468
2019,02,Papa negra*,812
2019,02,Papa criolla,2037
2019,02,Plátano hartón verde,978
2019,02,Yuca*,1521
2019,02,Arroz de primera,2263
2019,02,Arveja verde seca importada,2140
2019,02,Fríjol seco*,5050
2019,02,Garbanzo importado,n.d.
2019,02,Lenteja importada,2608
2019,02,Maíz blanco trillado,1633
2019,02,Huevo tipo AA**,261
2019,02,Queso campesino,11100
2019,02,"Carne de cerdo, pernil sin hueso",12519
2019,02,"Carne de res, lomo fino",n.d.
2019,02,Pechuga de pollo,7625
2019,02,Aceite vegetal mezcla**,5880
2019,02,Azúcar sulfitada,1843
2019,02,Galletas saladas,10613
2019,02,Harina de trigo,2967
2019,02,Harina precocida de maíz,3194
2019,02,Lomitos de atún en lata,18137
2019,02,Margarina,16900
2019,02,Panela*,2965
2019,02,Pastas alimenticias,6076
2019,02,Salsa de tomate doy pack,13594
2019,03,Ahuyama,738
2019,03,Ajo importado,5189
2019,03,Arveja verde en vaina,3113
2019,03,Cebolla cabezona blanca,1282
2019,03,Cebolla junca,1633
2019,03,Chócolo mazorca,1155
2019,03,Habichuela,1983
2019,03,Lechuga Batavia,965
2019,03,Pepino cohombro,488
2019,03,Pimentón,1377
2019,03,Remolacha,781
2019,03,Tomate*,1681
2019,03,Zanahoria,1209
2019,03,Aguacate *,5020
2019,03,Banano*,931
2019,03,Coco,1859
2019,03,Granadilla,5021
2019,03,Guayaba pera,1618
2019,03,Limón Tahití,2324
2019,03,Lulo,2670
2019,03,Mandarina*,1741
2019,03,Mango Tommy,3217
2019,03,Manzana verde importada,5525
2019,03,Maracuyá,4409
2019,03,Mora de Castilla,3476
2019,03,Naranja Valencia,n.d.
2019,03,Papaya maradol,1800
2019,03,Piña *,1306
2019,03,Tomate de árbol,1504
2019,03,Uva red globe nacional,3600
2019,03,Arracacha*,1285
2019,03,Papa negra*,1083
2019,03,Papa criolla,2989
2019,03,Plátano hartón verde,1186
2019,03,Yuca*,1545
2019,03,Arroz de primera,2275
2019,03,Arveja verde seca importada,2200
2019,03,Fríjol seco*,4967
2019,03,Garbanzo importado,n.d.
2019,03,Lenteja importada,2558
2019,03,Maíz blanco trillado,1635
2019,03,Huevo tipo AA**,280
2019,03,Queso costeño,12733
2019,03,Bocachico importado congelado,8458
2019,03,"Carne de cerdo, pernil sin hueso",12694
2019,03,"Carne de res, lomo fino",n.d.
2019,03,Pechuga de pollo,7556
2019,03,Aceite vegetal mezcla**,5951
2019,03,Azúcar sulfitada,1837
2019,03,Galletas saladas,10582
2019,03,Harina de trigo,3000
2019,03,Harina precocida de maíz,3181
2019,03,Lomitos de atún en lata,18713
2019,03,Margarina,17425
2019,03,Panela*,3406
2019,03,Pastas alimenticias,6615
2019,03,Salsa de tomate doy pack,14083
2019,04,Ahuyama,718
2019,04,Arveja verde en vaina,2569
2019,04,Cebolla cabezona blanca,1334
2019,04,Cebolla junca,2013
2019,04,Chócolo mazorca,760
2019,04,Habichuela,1407
2019,04,Lechuga Batavia,971
2019,04,Pepino cohombro,443
2019,04,Pimentón,1735
2019,04,Remolacha,909
2019,04,Repollo blanco,482
2019,04,Tomate*,2031
2019,04,Zanahoria,1002
2019,04,Aguacate *,5797
2019,04,Banano*,937
2019,04,Coco,1861
2019,04,Granadilla,3143
2019,04,Guayaba pera,1417
2019,04,Limón Tahití,2456
2019,04,Lulo,2476
2019,04,Mandarina*,1824
2019,04,Mango Tommy,1836
2019,04,Manzana roja importada,5172
2019,04,Manzana verde importada,4839
2019,04,Maracuyá,2475
2019,04,Mora de Castilla,4101
2019,04,Naranja Valencia,n.d.
2019,04,Papaya maradol,1410
2019,04,Piña *,1108
2019,04,Tomate de árbol,1781
2019,04,Uva red globe nacional,3334
2019,04,Arracacha*,1343
2019,04,Papa negra*,980
2019,04,Papa criolla,2660
2019,04,Plátano hartón verde,1456
2019,04,Yuca*,1582
2019,04,Arroz de primera,2302
2019,04,Arveja verde seca importada,2304
2019,04,Fríjol seco*,5087
2019,04,Garbanzo importado,n.d.
2019,04,Lenteja importada,2624
2019,04,Maíz blanco trillado,1649
2019,04,Huevo tipo AA**,266
2019,04,Queso costeño,13000
2019,04,"Carne de cerdo, pernil sin hueso",12450
2019,04,"Carne de res, bola de pierna",16935
2019,04,Pechuga de pollo,7535
2019,04,Aceite vegetal mezcla**,6019
2019,04,Azúcar sulfitada,1893
2019,04,Galletas saladas,10577
2019,04,Harina de trigo,3059
2019,04,Harina precocida de maíz,3147
2019,04,Lomitos de atún en lata,18992
2019,04,Margarina,17773
2019,04,Panela*,3908
2019,04,Pastas alimenticias,6583
2019,04,Salsa de tomate doy pack,14544
2019,05,Ahuyama,760
2019,05,Arveja verde en vaina,1928
2019,05,Cebolla cabezona blanca,1186
2019,05,Cebolla junca,1270
2019,05,Chócolo mazorca,454
2019,05,Habichuela,2006
2019,05,Lechuga Batavia,571
2019,05,Pepino cohombro,765
2019,05,Pimentón,2311
2019,05,Remolacha,713
2019,05,Repollo blanco,713
2019,05,Tomate*,2959
2019,05,Zanahoria,1384
2019,05,Aguacate *,4345
2019,05,Banano*,943
2019,05,Coco,2061
2019,05,Granadilla,3132
2019,05,Guayaba pera,1366
2019,05,Limón común,1149
2019,05,Lulo,2695
2019,05,Mandarina*,1952
2019,05,Mango Tommy,1650
2019,05,Manzana verde importada,4742
2019,05,Maracuyá,2060
2019,05,Mora de Castilla,3031
2019,05,Naranja Valencia,n.d.
2019,05,Papaya maradol,1279
2019,05,Piña *,927
2019,05,Tomate de árbol,1799
2019,05,Uva red globe nacional,3558
2019,05,Arracacha*,1288
2019,05,Papa negra*,911
2019,05,Papa criolla,2254
2019,05,Plátano hartón verde,1519
2019,05,Yuca*,1631
2019,05,Arroz de primera,2318
2019,05,Arveja verde seca importada,2273
2019,05,Fríjol seco*,5242
2019,05,Garbanzo importado,n.d.
2019,05,Lenteja importada,2633
2019,05,Maíz amarillo trillado,1560
2019,05,Huevo tipo AA**,308
2019,05,Queso costeño,12792
2019,05,"Carne de cerdo, pernil sin hueso",11925
2019,05,"Carne de res, bola de brazo",16206
2019,05,Pechuga de pollo,7538
2019,05,Aceite vegetal mezcla**,6085
2019,05,Azúcar sulfitada,2073
2019,05,Galletas saladas,10768
2019,05,Harina de trigo,3067
2019,05,Harina precocida de maíz,3146
2019,05,Lomitos de atún en lata,18999
2019,05,Margarina,17700
2019,05,Panela*,3934
2019,05,Pastas alimenticias,6493
2019,05,Salsa de tomate doy pack,14722
2019,06,Ahuyama,882
2019,06,Arveja verde en vaina,2633
2019,06,Cebolla cabezona blanca,1577
2019,06,Cebolla junca,1581
2019,06,Chócolo mazorca,635
2019,06,Habichuela,2765
2019,06,Lechuga Batavia,733
2019,06,Pepino cohombro,681
2019,06,Pimentón,2400
2019,06,Remolacha,647
2019,06,Tomate*,2678
2019,06,Zanahoria,1529
2019,06,Aguacate *,2761
2019,06,Banano*,957
2019,06,Coco,2107
2019,06,Granadilla,4887
2019,06,Guayaba pera,1509
2019,06,Limón común,779
2019,06,Limón Tahití,887
2019,06,Lulo,2790
2019,06,Mandarina*,1893
2019,06,Mango Tommy,2631
2019,06,Manzana verde importada,5112
2019,06,Maracuyá,2108
2019,06,Mora de Castilla,3109
2019,06,Naranja Valencia,n.d.
2019,06,Papaya maradol,1552
2019,06,Piña *,819
2019,06,Tomate de árbol,2307
2019,06,Uva red globe nacional,3925
2019,06,Arracacha*,1185
2019,06,Papa negra*,1177
2019,06,Papa criolla,2370
2019,06,Plátano hartón verde,1575
2019,06,Yuca*,1597
2019,06,Arroz de primera,2339
2019,06,Arveja verde seca importada,2300
2019,06,Fríjol seco*,5450
2019,06,Garbanzo importado,n.d.
2019,06,Lenteja importada,2572
2019,06,Maíz amarillo trillado,1558
2019,06,Huevo tipo A**,281
2019,06,Queso costeño,12458
2019,06,"Carne de cerdo, pernil sin hueso",11819
2019,06,"Carne de res, punta de anca",19100
2019,06,Pechuga de pollo,7513
2019,06,Aceite vegetal mezcla**,6087
2019,06,Azúcar sulfitada,2265
2019,06,Galletas saladas,10886
2019,06,Harina de trigo,3117
2019,06,Harina precocida de maíz,3175
2019,06,Lomitos de atún en lata,19191
2019,06,Margarina,17467
2019,06,Panela*,3931
2019,06,Pastas alimenticias,6226
2019,06,Sal yodada,1053
2019,06,Salsa de tomate doy pack,14722
2019,07,Ahuyama,797
2019,07,Apio,1722
2019,07,Arveja verde en vaina,2916
2019,07,Cebolla cabezona blanca,1761
2019,07,Cebolla junca,1807
2019,07,Chócolo mazorca,1059
2019,07,Habichuela,2201
2019,07,Lechuga Batavia,745
2019,07,Pepino cohombro,557
2019,07,Pimentón,1778
2019,07,Remolacha,769
2019,07,Tomate*,2350
2019,07,Zanahoria,1500
2019,07,Aguacate papelillo,2337
2019,07,Banano*,953
2019,07,Coco,2067
2019,07,Granadilla,5055
2019,07,Guayaba pera,1369
2019,07,Limón común,1152
2019,07,Lulo,2750
2019,07,Mandarina*,1804
2019,07,Mango Tommy,4284
2019,07,Manzana verde importada,5205
2019,07,Maracuyá,2754
2019,07,Mora de Castilla,2841
2019,07,Naranja Valencia,n.d.
2019,07,Papaya maradol,2004
2019,07,Piña *,870
2019,07,Tomate de árbol,2268
2019,07,Uva Isabela,2343
2019,07,Arracacha*,1380
2019,07,Papa negra*,968
2019,07,Papa criolla,1656
2019,07,Plátano hartón verde,1419
2019,07,Yuca*,1541
2019,07,Arroz de primera,2454
2019,07,Arveja verde seca importada,2293
2019,07,Fríjol seco*,5513
2019,07,Garbanzo importado,n.d.
2019,07,Lenteja importada,2511
2019,07,Maíz amarillo trillado,1693
2019,07,Huevo tipo A**,283
2019,07,Queso costeño,11900
2019,07,"Carne de cerdo, pernil sin hueso",11825
2019,07,"Carne de res, lomo fino",n.d.
2019,07,Alas de pollo con costillar,4475
2019,07,Aceite vegetal mezcla**,6125
2019,07,Azúcar sulfitada,2199
2019,07,Galletas saladas,10966
2019,07,Harina de trigo,3067
2019,07,Harina precocida de maíz,3264
2019,07,Lomitos de atún en lata,18477
2019,07,Margarina,17440
2019,07,Panela*,3925
2019,07,Pastas alimenticias,5978
2019,07,Jugo instantáneo (sobre),29444
2019,07,Salsa de tomate doy pack,12444
2019,08,Ahuyama,697
2019,08,Arveja verde en vaina,2638
2019,08,Cebolla cabezona blanca,1421
2019,08,Cebolla junca,1732
2019,08,Chócolo mazorca,1094
2019,08,Habichuela,2637
2019,08,Lechuga Batavia,961
2019,08,Pepino cohombro,1351
2019,08,Pimentón,1797
2019,08,Remolacha,1015
2019,08,Tomate*,1850
2019,08,Zanahoria,1215
2019,08,Aguacate papelillo,2818
2019,08,Banano*,973
2019,08,Coco,2059
2019,08,Granadilla,4148
2019,08,Guayaba pera,1392
2019,08,Limón Tahití,1779
2019,08,Lulo,2677
2019,08,Mandarina*,1776
2019,08,Mango Tommy,5566
2019,08,Manzana verde importada,5765
2019,08,Maracuyá,2163
2019,08,Mora de Castilla,2889
2019,08,Naranja Valencia,n.d.
2019,08,Papaya maradol,2100
2019,08,Piña *,1300
2019,08,Tomate de árbol,1428
2019,08,Uva red globe nacional,5593
2019,08,Arracacha*,1724
2019,08,Papa negra*,1048
2019,08,Papa criolla,1701
2019,08,Plátano hartón verde,1237
2019,08,Yuca*,1405
2019,08,Arroz de primera,2555
2019,08,Arveja verde seca importada,2393
2019,08,Fríjol seco*,5450
2019,08,Garbanzo importado,n.d.
2019,08,Lenteja importada,2500
2019,08,Maíz amarillo trillado,1725
2019,08,Huevo tipo A**,287
2019,08,Queso costeño,12375
2019,08,"Carne de cerdo, pernil sin hueso",11550
2019,08,"Carne de res, lomo fino",n.d.
2019,08,Pechuga de pollo,7475
2019,08,Aceite vegetal mezcla**,6137
2019,08,Azúcar sulfitada,2167
2019,08,Galletas saladas,10564
2019,08,Harina de trigo,3067
2019,08,Harina precocida de maíz,3299
2019,08,Lomitos de atún en lata,18352
2019,08,Margarina,17250
2019,08,Panela*,3889
2019,08,Pastas alimenticias,6118
2019,08,Salsa de tomate doy pack,12444
2019,09,Ahuyama,710
2019,09,Arveja verde en vaina,2698
2019,09,Cebolla cabezona blanca,1233
2019,09,Cebolla junca,1579
2019,09,Chócolo mazorca,1170
2019,09,Habichuela,2946
2019,09,Lechuga Batavia,1000
2019,09,Pepino cohombro,1213
2019,09,Pimentón,1511
2019,09,Remolacha,1137
2019,09,Tomate*,1813
2019,09,Zanahoria,1386
2019,09,Aguacate papelillo,4124
2019,09,Banano*,972
2019,09,Coco,2076
2019,09,Granadilla,3968
2019,09,Guayaba pera,1461
2019,09,Limón común,3003
2019,09,Lulo,2810
2019,09,Mandarina*,1883
2019,09,Mango Tommy,6033
2019,09,Manzana verde importada,6290
2019,09,Maracuyá,2697
2019,09,Mora de Castilla,2819
2019,09,Naranja Valencia,n.d.
2019,09,Papaya maradol,1917
2019,09,Piña *,1456
2019,09,Tomate de árbol,1542
2019,09,Uva red globe nacional,5243
2019,09,Arracacha*,1914
2019,09,Papa negra*,1000
2019,09,Papa criolla,2523
2019,09,Plátano hartón verde,1457
2019,09,Yuca*,1294
2019,09,Arroz de primera,2520
2019,09,Arveja verde seca importada,2427
2019,09,Fríjol seco*,5300
2019,09,Garbanzo importado,n.d.
2019,09,Lenteja importada,2460
2019,09,Maíz blanco trillado,1536
2019,09,Huevo tipo A**,288
2019,09,Queso costeño,11867
2019,09,"Carne de cerdo, pernil sin hueso",11550
2019,09,"Carne de res, lomo fino",n.d.
2019,09,Pechuga de pollo,7500
2019,09,Aceite vegetal mezcla**,6052
2019,09,Azúcar sulfitada,2131
2019,09,Galletas saladas,10363
2019,09,Harina de trigo,3061
2019,09,Harina precocida de maíz,3264
2019,09,Lomitos de atún en lata,18046
2019,09,Margarina,16660
2019,09,Panela*,3931
2019,09,Pastas alimenticias,5736
2019,09,Salsa de tomate doy pack,12400
2019,10,Ahuyama,773
2019,10,Arveja verde en vaina,2635
2019,10,Cebolla cabezona blanca,1159
2019,10,Cebolla junca,1139
2019,10,Chócolo mazorca,925
2019,10,Habichuela,2087
2019,10,Lechuga Batavia,606
2019,10,Pepino cohombro,386
2019,10,Pimentón,2531
2019,10,Remolacha,732
2019,10,Tomate*,1643
2019,10,Zanahoria,1274
2019,10,Aguacate papelillo,4616
2019,10,Banano*,987
2019,10,Coco,2112
2019,10,Granadilla,3470
2019,10,Guayaba pera,1442
2019,10,Limón común,2483
2019,10,Lulo,2642
2019,10,Mandarina*,1813
2019,10,Mango Tommy,3979
2019,10,Manzana verde importada,6445
2019,10,Maracuyá,2974
2019,10,Mora de Castilla,2676
2019,10,Naranja Valencia,n.d.
2019,10,Papaya maradol,1413
2019,10,Piña *,1485
2019,10,Tomate de árbol,1551
2019,10,Uva red globe nacional,5067
2019,10,Arracacha*,1640
2019,10,Papa negra*,1144
2019,10,Papa criolla,2604
2019,10,Plátano hartón verde,1744
2019,10,Yuca*,1188
2019,10,Arroz de primera,2495
2019,10,Arveja verde seca importada,2413
2019,10,Fríjol seco*,5308
2019,10,Garbanzo importado,n.d.
2019,10,Lenteja importada,2508
2019,10,Maíz blanco trillado,1632
2019,10,Huevo tipo A**,287
2019,10,Queso costeño,12000
2019,10,"Carne de cerdo, pernil sin hueso",11305
2019,10,"Carne de res, lomo fino",n.d.
2019,10,Pechuga de pollo,7425
2019,10,Aceite vegetal mezcla**,5981
2019,10,Azúcar sulfitada,2010
2019,10,Galletas saladas,9982
2019,10,Harina de trigo,3033
2019,10,Harina precocida de maíz,3219
2019,10,Lomitos de atún en lata,17749
2019,10,Margarina,16467
2019,10,Panela*,3875
2019,10,Pastas alimenticias,5604
2019,10,Salsa de tomate doy pack,12329
2019,11,Ahuyama,1329
2019,11,Arveja verde en vaina,1789
2019,11,Cebolla cabezona blanca,1100
2019,11,Cebolla junca,870
2019,11,Chócolo mazorca,838
2019,11,Habichuela,1613
2019,11,Lechuga Batavia,712
2019,11,Pepino cohombro,772
2019,11,Pimentón,2748
2019,11,Remolacha,643
2019,11,Tomate*,1475
2019,11,Zanahoria,1025
2019,11,Aguacate papelillo,3619
2019,11,Banano*,984
2019,11,Coco,2110
2019,11,Granadilla,3624
2019,11,Guayaba pera,1943
2019,11,Limón común,1997
2019,11,Lulo,2723
2019,11,Mandarina*,1674
2019,11,Mango Tommy,2457
2019,11,Manzana verde importada,6439
2019,11,Maracuyá,2886
2019,11,Mora de Castilla,3309
2019,11,Naranja Valencia,n.d.
2019,11,Papaya maradol,1073
2019,11,Piña *,1504
2019,11,Tomate de árbol,1590
2019,11,Uva red globe nacional,5492
2019,11,Arracacha*,1805
2019,11,Papa negra*,1009
2019,11,Papa criolla,2053
2019,11,Plátano hartón verde,1686
2019,11,Yuca*,1122
2019,11,Arroz de primera,2554
2019,11,Arveja verde seca importada,2453
2019,11,Fríjol seco*,5300
2019,11,Garbanzo importado,n.d.
2019,11,Lenteja importada,2533
2019,11,Maíz amarillo trillado,1678
2019,11,Huevo tipo A**,283
2019,11,Queso costeño,12358
2019,11,"Carne de cerdo, lomo sin hueso",13225
2019,11,"Carne de res, lomo fino",n.d.
2019,11,Pechuga de pollo,7500
2019,11,Aceite vegetal mezcla**,6099
2019,11,Azúcar sulfitada,2133
2019,11,Galletas saladas,10035
2019,11,Harina de trigo,3025
2019,11,Harina precocida de maíz,3207
2019,11,Lomitos de atún en lata,17923
2019,11,Margarina,16775
2019,11,Panela*,3913
2019,11,Pastas alimenticias,5566
2019,11,Salsa de tomate doy pack,12525
2019,12,Ahuyama,1399
2019,12,Arveja verde en vaina,2307
2019,12,Cebolla cabezona blanca,985
2019,12,Cebolla junca,1123
2019,12,Chócolo mazorca,622
2019,12,Habichuela,1469
2019,12,Lechuga Batavia,943
2019,12,Pepino cohombro,1222
2019,12,Pimentón,2390
2019,12,Remolacha,597
2019,12,Tomate*,1651
2019,12,Zanahoria,1388
2019,12,Aguacate papelillo,3189
2019,12,Banano*,972
2019,12,Coco,2140
2019,12,Granadilla,4319
2019,12,Guayaba pera,1579
2019,12,Limón común,1797
2019,12,Lulo,2706
2019,12,Mandarina*,1676
2019,12,Mango Tommy,1443
2019,12,Pera importada,5941
2019,12,Maracuyá,1769
2019,12,Mora de Castilla,3462
2019,12,Naranja Valencia,n.d.
2019,12,Papaya maradol,1070
2019,12,Piña *,1308
2019,12,Tomate de árbol,1464
2019,12,Uva red globe nacional,5556
2019,12,Arracacha*,1817
2019,12,Papa negra*,771
2019,12,Papa criolla,1347
2019,12,Plátano hartón verde,1331
2019,12,Yuca*,1145
2019,12,Arroz de primera,2665
2019,12,Arveja verde seca importada,2487
2019,12,Fríjol seco*,5300
2019,12,Garbanzo importado,n.d.
2019,12,Lenteja importada,2625
2019,12,Maíz amarillo trillado,1767
2019,12,Huevo tipo A**,272
2019,12,Queso costeño,13000
2019,12,"Carne de cerdo, costilla",9556
2019,12,"Carne de res, lomo fino",n.d.
2019,12,Pechuga de pollo,7538
2019,12,Aceite vegetal mezcla**,6267
2019,12,Azúcar sulfitada,2205
2019,12,Galletas saladas,10121
2019,12,Harina de trigo,3070
2019,12,Harina precocida de maíz,3285
2019,12,Lomitos de atún en lata,18803
2019,12,Margarina,17425
2019,12,Panela*,3910
2019,12,Pastas alimenticias,5417
2019,12,Salsa de tomate doy pack,12278
2020,01,Ahuyama,1177
2020,01,Arveja verde en vaina,2491
2020,01,Cebolla cabezona blanca,733
2020,01,Cebolla junca,1430
2020,01,Chócolo mazorca,1062
2020,01,Habichuela,2376
2020,01,Lechuga Batavia,1443
2020,01,Pepino cohombro,557
2020,01,Pimentón,1455
2020,01,Remolacha,658
2020,01,Tomate*,1990
2020,01,Zanahoria,1448
2020,01,Aguacate papelillo,3301
2020,01,Banano*,988
2020,01,Coco,2155
2020,01,Granadilla,5321
2020,01,Guayaba pera,1241
2020,01,Limón común,1917
2020,01,Lulo,2701
2020,01,Mandarina*,2015
2020,01,Mango Tommy,1394
2020,01,Manzana verde importada,6221
2020,01,Maracuyá,2097
2020,01,Mora de Castilla,3494
2020,01,Naranja Valencia,n.d.
2020,01,Papaya maradol,1482
2020,01,Piña *,1404
2020,01,Tomate de árbol,1435
2020,01,Uva Isabela,2493
2020,01,Arracacha*,1857
2020,01,Papa negra*,594
2020,01,Papa criolla,1028
2020,01,Plátano hartón verde,1214
2020,01,Yuca*,1267
2020,01,Arroz de primera,2877
2020,01,Arveja verde seca importada,2467
2020,01,Fríjol seco*,5267
2020,01,Garbanzo importado,n.d.
2020,01,Lenteja importada,2555
2020,01,Maíz amarillo trillado,1708
2020,01,Huevo tipo A**,266
2020,01,Queso costeño,13667
2020,01,"Carne de cerdo, pernil sin hueso",12106
2020,01,"Carne de res, lomo fino",n.d.
2020,01,Pechuga de pollo,7619
2020,01,Aceite vegetal mezcla**,6416
2020,01,Azúcar sulfitada,2103
2020,01,Galletas saladas,10035
2020,01,Harina de trigo,3139
2020,01,Harina precocida de maíz,3280
2020,01,Lomitos de atún en lata,19069
2020,01,Margarina,17675
2020,01,Panela*,3917
2020,01,Pastas alimenticias,5486
2020,01,Salsa de tomate doy pack,12301
2020,02,Ahuyama,861
2020,02,Apio,1538
2020,02,Arveja verde en vaina,3445
2020,02,Cebolla cabezona blanca,588
2020,02,Cebolla junca,1505
2020,02,Chócolo mazorca,1032
2020,02,Habichuela,2276
2020,02,Lechuga Batavia,1619
2020,02,Pepino cohombro,750
2020,02,Pimentón,1468
2020,02,Remolacha,931
2020,02,Tomate*,2302
2020,02,Zanahoria,1265
2020,02,Aguacate papelillo,3840
2020,02,Banano*,981
2020,02,Coco,2269
2020,02,Granadilla,5458
2020,02,Guayaba pera,1404
2020,02,Limón Tahití,1201
2020,02,Lulo,2837
2020,02,Mandarina*,2464
2020,02,Mango Tommy,2067
2020,02,Manzana verde importada,6490
2020,02,Maracuyá,3717
2020,02,Mora de Castilla,2553
2020,02,Naranja Valencia,n.d.
2020,02,Papaya maradol,1897
2020,02,Piña *,1359
2020,02,Tomate de árbol,1601
2020,02,Uva red globe nacional,5521
2020,02,Arracacha*,1820
2020,02,Papa negra*,599
2020,02,Papa criolla,952
2020,02,Plátano hartón verde,1060
2020,02,Yuca*,1138
2020,02,Arroz de primera,3025
2020,02,Arveja verde seca importada,2507
2020,02,Fríjol seco*,5233
2020,02,Garbanzo importado,n.d.
2020,02,Lenteja importada,2533
2020,02,Maíz amarillo trillado,1702
2020,02,Huevo tipo A**,260
2020,02,Queso costeño,13308
2020,02,"Carne de cerdo, pernil sin hueso",12606
2020,02,"Carne de res, lomo fino",n.d.
2020,02,Pechuga de pollo,7594
2020,02,Aceite vegetal mezcla**,6499
2020,02,Azúcar sulfitada,2107
2020,02,Galletas saladas,10018
2020,02,Harina de trigo,3135
2020,02,Harina precocida de maíz,3246
2020,02,Lomitos de atún en lata,18452
2020,02,Margarina,17883
2020,02,Panela*,3955
2020,02,Pastas alimenticias,5580
2020,02,Salsa de tomate doy pack,12468
2020,03,Ahuyama,799
2020,03,Arveja verde en vaina,5055
2020,03,Cebolla cabezona blanca,983
2020,03,Cebolla junca,2065
2020,03,Chócolo mazorca,1109
2020,03,Habichuela,3020
2020,03,Lechuga Batavia,1285
2020,03,Pepino cohombro,1378
2020,03,Pimentón,1616
2020,03,Remolacha,1289
2020,03,Tomate*,2169
2020,03,Zanahoria,1349
2020,03,Aguacate papelillo,5159
2020,03,Banano*,1018
2020,03,Coco,2341
2020,03,Granadilla,4104
2020,03,Guayaba pera,1616
2020,03,Limón Tahití,2261
2020,03,Lulo,2718
2020,03,Mandarina*,2633
2020,03,Mango Tommy,2946
2020,03,Manzana verde importada,6639
2020,03,Maracuyá,3621
2020,03,Mora de Castilla,3255
2020,03,Naranja Valencia,n.d.
2020,03,Papaya maradol,1971
2020,03,Piña *,1407
2020,03,Tomate de árbol,2157
2020,03,Uva red globe nacional,4606
2020,03,Arracacha*,1901
2020,03,Papa negra*,794
2020,03,Papa criolla,1509
2020,03,Plátano hartón verde,1205
2020,03,Yuca*,1023
2020,03,Arroz de primera,3167
2020,03,Arveja verde seca importada,2613
2020,03,Fríjol seco*,5013
2020,03,Garbanzo importado,n.d.
2020,03,Lenteja importada,2556
2020,03,Maíz amarillo trillado,1723
2020,03,Huevo tipo A**,263
2020,03,Queso costeño,13500
2020,03,"Carne de cerdo, pernil sin hueso",14495
2020,03,"Carne de res, chatas",19800
2020,03,Pechuga de pollo,7595
2020,03,Aceite vegetal mezcla**,6419
2020,03,Azúcar sulfitada,2277
2020,03,Galletas saladas,10276
2020,03,Harina de trigo,3083
2020,03,Harina precocida de maíz,3241
2020,03,Lomitos de atún en lata,18379
2020,03,Margarina,17893
2020,03,Panela*,3958
2020,03,Pastas alimenticias,5458
2020,03,Salsa de tomate doy pack,12472
2020,04,Ahuyama,867
2020,04,Arveja verde en vaina,4746
2020,04,Cebolla cabezona blanca,1060
2020,04,Cebolla junca,2221
2020,04,Chócolo mazorca,753
2020,04,Habichuela,1415
2020,04,Lechuga Batavia,815
2020,04,Pepino cohombro,615
2020,04,Pimentón,1456
2020,04,Remolacha,1665
2020,04,Tomate*,2010
2020,04,Zanahoria,1328
2020,04,Aguacate papelillo,4706
2020,04,Banano*,1063
2020,04,Coco,2375
2020,04,Granadilla,3392
2020,04,Guayaba pera,1666
2020,04,Limón común,3002
2020,04,Lulo,2680
2020,04,Mandarina*,2633
2020,04,Mango Tommy,2975
2020,04,Manzana verde importada,6445
2020,04,Maracuyá,3009
2020,04,Mora de Castilla,3812
2020,04,Naranja Valencia,n.d.
2020,04,Papaya maradol,1198
2020,04,Piña *,1375
2020,04,Tomate de árbol,2309
2020,04,Uva red globe nacional,3849
2020,04,Arracacha*,1566
2020,04,Papa negra*,755
2020,04,Papa criolla,2219
2020,04,Plátano hartón verde,1527
2020,04,Yuca*,959
2020,04,Arroz de primera,3475
2020,04,Arveja verde seca importada,2860
2020,04,Fríjol seco*,5267
2020,04,Garbanzo importado,n.d.
2020,04,Lenteja importada,2917
2020,04,Maíz amarillo trillado,1742
2020,04,Huevo tipo AA**,374
2020,04,Queso costeño,13417
2020,04,"Carne de cerdo, lomo sin hueso",14531
2020,04,"Carne de res, cadera",17656
2020,04,Pechuga de pollo,7581
2020,04,Aceite vegetal mezcla**,6411
2020,04,Azúcar sulfitada,2420
2020,04,Galletas saladas,11074
2020,04,Harina de trigo,3142
2020,04,Harina precocida de maíz,3313
2020,04,Lomitos de atún en lata,18832
2020,04,Margarina,17933
2020,04,Panela*,3986
2020,04,Pastas alimenticias,5330
2020,04,Salsa de tomate doy pack,12472
2020,05,Ahuyama,1015
2020,05,Arveja verde en vaina,3297
2020,05,Cebolla cabezona blanca,1706
2020,05,Cebolla junca,2056
2020,05,Chócolo mazorca,813
2020,05,Habichuela,1220
2020,05,Lechuga Batavia,674
2020,05,Pepino cohombro,836
2020,05,Pimentón,1917
2020,05,Remolacha,1285
2020,05,Tomate*,1610
2020,05,Zanahoria,2142
2020,05,Aguacate papelillo,2945
2020,05,Banano*,1364
2020,05,Coco,2278
2020,05,Granadilla,2682
2020,05,Guayaba pera,1837
2020,05,Limón común,2717
2020,05,Lulo,2706
2020,05,Mandarina*,2326
2020,05,Mango Tommy,2344
2020,05,Manzana verde importada,6287
2020,05,Maracuyá,2181
2020,05,Mora de Castilla,3403
2020,05,Naranja Valencia,n.d.
2020,05,Papaya maradol,991
2020,05,Piña *,1270
2020,05,Tomate de árbol,2517
2020,05,Uva red globe nacional,3705
2020,05,Arracacha*,1505
2020,05,Papa negra*,939
2020,05,Papa criolla,1765
2020,05,Plátano hartón verde,1581
2020,05,Yuca*,886
2020,05,Arroz de primera,3582
2020,05,Arveja verde seca importada,3687
2020,05,Fríjol seco*,6267
2020,05,Garbanzo importado,n.d.
2020,05,Lenteja importada,4517
2020,05,Maíz amarillo trillado,1668
2020,05,Huevo tipo AA**,358
2020,05,Queso costeño,13042
2020,05,"Carne de cerdo, lomo sin hueso",14150
2020,05,"Carne de res, cadera",17619
2020,05,Pechuga de pollo,7525
2020,05,Aceite vegetal mezcla**,6376
2020,05,Azúcar sulfitada,2367
2020,05,Galletas saladas,11222
2020,05,Harina de trigo,3167
2020,05,Harina precocida de maíz,3313
2020,05,Lomitos de atún en lata,19332
2020,05,Margarina,18175
2020,05,Panela*,4264
2020,05,Pastas alimenticias,5365
2020,05,Salsa de tomate doy pack,12667
2020,06,Ahuyama,1003
2020,06,Arveja verde en vaina,3227
2020,06,Cebolla cabezona blanca,2180
2020,06,Cebolla junca,1946
2020,06,Chócolo mazorca,647
2020,06,Habichuela,1791
2020,06,Lechuga Batavia,676
2020,06,Pepino cohombro,993
2020,06,Pimentón,2538
2020,06,Remolacha,1035
2020,06,Tomate*,1762
2020,06,Zanahoria,2166
2020,06,Aguacate papelillo,2473
2020,06,Banano*,1344
2020,06,Coco,2248
2020,06,Granadilla,4291
2020,06,Guayaba pera,1689
2020,06,Limón Tahití,930
2020,06,Lulo,2862
2020,06,Mandarina*,1486
2020,06,Mango Tommy,1911
2020,06,Manzana verde importada,6085
2020,06,Maracuyá,1963
2020,06,Mora de Castilla,2478
2020,06,Naranja Valencia,n.d.
2020,06,Papaya maradol,986
2020,06,Piña *,1400
2020,06,Tomate de árbol,2661
2020,06,Uva red globe nacional,3905
2020,06,Arracacha*,1617
2020,06,Papa negra*,1070
2020,06,Papa criolla,1412
2020,06,Plátano hartón verde,1312
2020,06,Yuca*,779
2020,06,Arroz de primera,3524
2020,06,Arveja verde seca importada,3733
2020,06,Fríjol seco*,6473
2020,06,Garbanzo importado,n.d.
2020,06,Lenteja importada,4793
2020,06,Maíz amarillo trillado,1640
2020,06,Huevo tipo A**,290
2020,06,Queso costeño,12567
2020,06,"Carne de cerdo, lomo sin hueso",13792
2020,06,"Carne de res, lomo fino",n.d.
2020,06,Pierna pernil con rabadilla,4650
2020,06,Aceite vegetal mezcla**,6538
2020,06,Avena en hojuelas,8121
2020,06,Azúcar sulfitada,2265
2020,06,Galletas saladas,11548
2020,06,Harina de trigo,3147
2020,06,Harina precocida de maíz,3311
2020,06,Lomitos de atún en lata,20776
2020,06,Margarina,18473
2020,06,Panela*,4097
2020,06,Pastas alimenticias,5194
2020,06,Salsa de tomate doy pack,12667
2020,07,Ahuyama,897
2020,07,Ajo importado,5762
2020,07,Arveja verde en vaina,2733
2020,07,Cebolla cabezona blanca,1997
2020,07,Cebolla junca,1686
2020,07,Chócolo mazorca,843
2020,07,Habichuela,1498
2020,07,Lechuga Batavia,830
2020,07,Pepino cohombro,775
2020,07,Pimentón,2351
2020,07,Remolacha,2022
2020,07,Tomate*,1586
2020,07,Zanahoria,1964
2020,07,Aguacate papelillo,2183
2020,07,Banano*,1120
2020,07,Coco,2349
2020,07,Granadilla,5980
2020,07,Guayaba pera,1350
2020,07,Limón común,1182
2020,07,Lulo,2312
2020,07,Mandarina*,1060
2020,07,Mango Tommy,2600
2020,07,Manzana verde importada,5928
2020,07,Maracuyá,2050
2020,07,Mora de Castilla,1995
2020,07,Naranja Valencia,n.d.
2020,07,Papaya maradol,1194
2020,07,Piña *,1383
2020,07,Tomate de árbol,1820
2020,07,Uva red globe nacional,5038
2020,07,Arracacha*,1614
2020,07,Papa negra*,909
2020,07,Papa criolla,1034
2020,07,Plátano hartón verde,1178
2020,07,Yuca*,710
2020,07,Arroz de primera,3342
2020,07,Arveja verde seca importada,3413
2020,07,Fríjol seco*,6033
2020,07,Garbanzo importado,n.d.
2020,07,Lenteja importada,4067
2020,07,Maíz amarillo trillado,1633
2020,07,Huevo tipo AA**,276
2020,07,Queso costeño,12250
2020,07,"Carne de cerdo, lomo sin hueso",13156
2020,07,"Carne de res, lomo fino",n.d.
2020,07,Pierna pernil con rabadilla,6288
2020,07,Aceite vegetal mezcla**,6650
2020,07,Azúcar sulfitada,2238
2020,07,Galletas saladas,11979
2020,07,Harina de trigo,3157
2020,07,Harina precocida de maíz,3399
2020,07,Lomitos de atún en lata,22886
2020,07,Margarina,18958
2020,07,Panela*,4052
2020,07,Pastas alimenticias,5139
2020,07,Salsa de tomate doy pack,12667
2020,08,Ahuyama,781
2020,08,Ajo importado,4430
2020,08,Arveja verde en vaina,2591
2020,08,Cebolla cabezona blanca,1845
2020,08,Cebolla junca,1576
2020,08,Chócolo mazorca,978
2020,08,Fríjol verde*,1952
2020,08,Habichuela,1992
2020,08,Lechuga Batavia,1375
2020,08,Pepino cohombro,636
2020,08,Pimentón,2061
2020,08,Remolacha,2643
2020,08,Tomate*,2007
2020,08,Zanahoria,1614
2020,08,Aguacate papelillo,2781
2020,08,Banano*,1124
2020,08,Coco,2451
2020,08,Granadilla,4102
2020,08,Guayaba pera,1131
2020,08,Limón Tahití,1210
2020,08,Lulo,2020
2020,08,Mandarina*,1206
2020,08,Mango Tommy,5491
2020,08,Manzana verde importada,5731
2020,08,Maracuyá,1871
2020,08,Mora de Castilla,2500
2020,08,Naranja Valencia,n.d.
2020,08,Papaya maradol,1265
2020,08,Piña *,1259
2020,08,Tomate de árbol,1253
2020,08,Uva red globe nacional,6395
2020,08,Arracacha*,1853
2020,08,Papa negra*,740
2020,08,Papa criolla,1056
2020,08,Plátano hartón verde,1075
2020,08,Yuca*,694
2020,08,Arroz de primera,3105
2020,08,Arveja verde seca importada,3371
2020,08,Fríjol seco*,5013
2020,08,Garbanzo importado,n.d.
2020,08,Lenteja importada,3587
2020,08,Maíz amarillo trillado,1667
2020,08,Huevo tipo AA**,249
2020,08,Queso costeño,11667
2020,08,"Carne de cerdo, pernil sin hueso",12019
2020,08,"Carne de res, lomo fino",n.d.
2020,08,Pierna pernil con rabadilla,6600
2020,08,Aceite vegetal mezcla**,6632
2020,08,Azúcar sulfitada,2208
2020,08,Galletas saladas,12083
2020,08,Harina de trigo,3248
2020,08,Harina precocida de maíz,3488
2020,08,Lomitos de atún en lata,23268
2020,08,Margarina,18653
2020,08,Panela*,4028
2020,08,Pastas alimenticias,5194
2020,08,Salsa de tomate doy pack,12559
2020,09,Ahuyama,702
2020,09,Arveja verde en vaina,2360
2020,09,Cebolla cabezona blanca,1433
2020,09,Cebolla junca,1273
2020,09,Chócolo mazorca,978
2020,09,Habichuela,3247
2020,09,Lechuga Batavia,1048
2020,09,Pepino cohombro,890
2020,09,Pimentón,2328
2020,09,Remolacha,2622
2020,09,Tomate*,1973
2020,09,Zanahoria,1564
2020,09,Aguacate papelillo,4136
2020,09,Banano*,1142
2020,09,Coco,2540
2020,09,Granadilla,3132
2020,09,Guayaba pera,1177
2020,09,Limón Tahití,1397
2020,09,Lulo,1921
2020,09,Mandarina*,1624
2020,09,Mango Tommy,5482
2020,09,Manzana verde importada,5958
2020,09,Maracuyá,1899
2020,09,Mora de Castilla,2443
2020,09,Naranja Valencia,n.d.
2020,09,Papaya maradol,1175
2020,09,Pera importada,5831
2020,09,Piña *,1274
2020,09,Tomate de árbol,1107
2020,09,Uva red globe nacional,5572
2020,09,Arracacha*,1724
2020,09,Papa negra*,684
2020,09,Papa criolla,959
2020,09,Plátano hartón verde,1138
2020,09,Yuca*,670
2020,09,Arroz de primera,2972
2020,09,Arveja verde seca importada,3187
2020,09,Fríjol seco*,4583
2020,09,Garbanzo importado,n.d.
2020,09,Lenteja importada,3408
2020,09,Maíz amarillo trillado,1658
2020,09,Huevo tipo A**,242
2020,09,Queso costeño,11500
2020,09,"Carne de cerdo, lomo sin hueso",14055
2020,09,"Carne de res, lomo fino",n.d.
2020,09,Pierna pernil con rabadilla,6330
2020,09,Aceite vegetal mezcla**,6544
2020,09,Azúcar sulfitada,2138
2020,09,Galletas saladas,12037
2020,09,Harina de trigo,3333
2020,09,Harina precocida de maíz,3674
2020,09,Lomitos de atún en lata,23438
2020,09,Margarina,18183
2020,09,Panela*,4035
2020,09,Pastas alimenticias,5278
2020,09,Salsa de tomate doy pack,12398
2020,10,Ahuyama,700
2020,10,Arveja verde en vaina,2339
2020,10,Cebolla cabezona blanca,1334
2020,10,Cebolla junca,1246
2020,10,Chócolo mazorca,1276
2020,10,Habichuela,3077
2020,10,Lechuga Batavia,1013
2020,10,Pepino cohombro,1208
2020,10,Pimentón,2281
2020,10,Remolacha,1958
2020,10,Repollo blanco,426
2020,10,Tomate*,1654
2020,10,Zanahoria,1517
2020,10,Aguacate papelillo,5363
2020,10,Banano*,1099
2020,10,Coco,2537
2020,10,Granadilla,3501
2020,10,Guayaba pera,1192
2020,10,Limón Tahití,1832
2020,10,Lulo,1713
2020,10,Mandarina*,2294
2020,10,Mango Tommy,5399
2020,10,Manzana verde importada,6160
2020,10,Maracuyá,2416
2020,10,Mora de Castilla,2341
2020,10,Naranja Valencia,n.d.
2020,10,Papaya maradol,1254
2020,10,Pera importada,6306
2020,10,Piña *,1352
2020,10,Tomate de árbol,1306
2020,10,Uva red globe nacional,4457
2020,10,Arracacha*,1560
2020,10,Papa negra*,637
2020,10,Papa criolla,994
2020,10,Plátano hartón verde,1211
2020,10,Yuca*,667
2020,10,Arroz de primera,2917
2020,10,Arveja verde seca importada,2947
2020,10,Fríjol seco*,4750
2020,10,Garbanzo importado,n.d.
2020,10,Lenteja importada,3250
2020,10,Maíz amarillo trillado,1667
2020,10,Huevo tipo A**,260
2020,10,Queso costeño,11167
2020,10,"Carne de cerdo, brazo sin hueso",11556
2020,10,"Carne de res, lomo fino",n.d.
2020,10,Pierna pernil con rabadilla,5925
2020,10,Aceite vegetal mezcla**,6678
2020,10,Azúcar sulfitada,2133
2020,10,Galletas saladas,12106
2020,10,Harina de trigo,3360
2020,10,Harina precocida de maíz,3694
2020,10,Lomitos de atún en lata,23703
2020,10,Margarina,18400
2020,10,Panela*,4038
2020,10,Pastas alimenticias,5208
2020,10,Salsa de tomate doy pack,12134
2020,11,Ahuyama,663
2020,11,Arveja verde en vaina,1801
2020,11,Cebolla cabezona blanca,1493
2020,11,Cebolla junca,951
2020,11,Chócolo mazorca,870
2020,11,Habichuela,2759
2020,11,Lechuga Batavia,679
2020,11,Pepino cohombro,646
2020,11,Pimentón,1845
2020,11,Remolacha,1123
2020,11,Tomate*,1801
2020,11,Zanahoria,1297
2020,11,Aguacate papelillo,5459
2020,11,Banano*,1123
2020,11,Coco,2661
2020,11,Granadilla,3395
2020,11,Guayaba pera,1155
2020,11,Limón común,2310
2020,11,Lulo,1842
2020,11,Mandarina*,2336
2020,11,Mango Tommy,2881
2020,11,Manzana verde importada,6128
2020,11,Maracuyá,2159
2020,11,Mora de Castilla,2604
2020,11,Naranja Valencia,n.d.
2020,11,Papaya maradol,1165
2020,11,Piña *,1263
2020,11,Tomate de árbol,1578
2020,11,Uva red globe nacional,4305
2020,11,Arracacha*,1340
2020,11,Papa negra*,565
2020,11,Papa criolla,1234
2020,11,Plátano hartón verde,1321
2020,11,Yuca*,654
2020,11,Arroz de primera,2848
2020,11,Arveja verde seca importada,2789
2020,11,Fríjol seco*,4711
2020,11,Garbanzo importado,n.d.
2020,11,Lenteja importada,3253
2020,11,Maíz amarillo trillado,1675
2020,11,Huevo tipo A**,279
2020,11,Queso costeño,11367
2020,11,"Carne de cerdo, pernil sin hueso",13950
2020,11,"Carne de res, lomo fino",n.d.
2020,11,Pierna pernil con rabadilla,5725
2020,11,Aceite vegetal mezcla**,6703
2020,11,Azúcar sulfitada,2128
2020,11,Galletas saladas,12157
2020,11,Harina de trigo,3248
2020,11,Harina precocida de maíz,3706
2020,11,Lomitos de atún en lata,23775
2020,11,Margarina,18400
2020,11,Panela*,4014
2020,11,Pastas alimenticias,5278
2020,11,Salsa de tomate doy pack,12130
2020,12,Ahuyama,642
2020,12,Arveja verde en vaina,3254
2020,12,Cebolla cabezona blanca,1293
2020,12,Cebolla junca,1554
2020,12,Chócolo mazorca,801
2020,12,Habichuela,2015
2020,12,Lechuga Batavia,1165
2020,12,Pepino cohombro,702
2020,12,Pimentón,2024
2020,12,Remolacha,985
2020,12,Tomate*,2119
2020,12,Zanahoria,1375
2020,12,Aguacate papelillo,5413
2020,12,Banano*,1197
2020,12,Coco,2636
2020,12,Granadilla,2930
2020,12,Guayaba pera,1260
2020,12,Limón común,1818
2020,12,Lulo,1904
2020,12,Mandarina*,1970
2020,12,Mango Tommy,1897
2020,12,Manzana verde importada,6034
2020,12,Maracuyá,2121
2020,12,Mora de Castilla,2020
2020,12,Naranja Valencia,n.d.
2020,12,Papaya maradol,1102
2020,12,Piña *,1080
2020,12,Tomate de árbol,1784
2020,12,Uva red globe nacional,4504
2020,12,Arracacha*,1288
2020,12,Papa negra*,592
2020,12,Papa criolla,1555
2020,12,Plátano hartón verde,1268
2020,12,Yuca*,631
2020,12,Arroz de primera,2776
2020,12,Arveja verde seca importada,2607
2020,12,Fríjol seco*,4683
2020,12,Garbanzo importado,n.d.
2020,12,Lenteja importada,3325
2020,12,Maíz amarillo trillado,1747
2020,12,Huevo tipo A**,299
2020,12,Queso costeño,12500
2020,12,"Carne de cerdo, costilla",13555
2020,12,"Carne de res, lomo fino",n.d.
2020,12,Pierna pernil con rabadilla,5835
2020,12,Aceite vegetal mezcla**,6706
2020,12,Azúcar sulfitada,2150
2020,12,Galletas saladas,12211
2020,12,Harina de trigo,3257
2020,12,Harina precocida de maíz,3618
2020,12,Lomitos de atún en lata,23376
2020,12,Margarina,18167
2020,12,Panela*,4014
2020,12,Pastas alimenticias,5295
2020,12,Salsa de tomate doy pack,12176
2021,01,Ahuyama,733
2021,01,Arveja verde en vaina,3757
2021,01,Cebolla cabezona blanca,1525
2021,01,Cebolla junca,1903
2021,01,Chócolo mazorca,862
2021,01,Habichuela,2140
2021,01,Lechuga Batavia,775
2021,01,Pepino cohombro,1451
2021,01,Pimentón,1704
2021,01,Remolacha,1174
2021,01,Tomate*,2847
2021,01,Zanahoria,1439
2021,01,Aguacate papelillo,5071
2021,01,Banano*,1169
2021,01,Coco,2616
2021,01,Granadilla,3797
2021,01,Guayaba pera,1502
2021,01,Limón común,1563
2021,01,Lulo,2206
2021,01,Mandarina*,2251
2021,01,Mango Tommy,1770
2021,01,Manzana roja importada,6072
2021,01,Maracuyá,2125
2021,01,Mora de Castilla,3226
2021,01,Naranja Valencia,n.d.
2021,01,Papaya maradol,1159
2021,01,Piña *,979
2021,01,Tomate de árbol,1964
2021,01,Uva red globe nacional,5159
2021,01,Arracacha*,1388
2021,01,Papa negra*,645
2021,01,Papa criolla,1619
2021,01,Plátano hartón verde,1249
2021,01,Yuca*,665
2021,01,Arroz de primera,2759
2021,01,Arveja verde seca importada,2567
2021,01,Fríjol seco*,4742
2021,01,Garbanzo importado,n.d.
2021,01,Lenteja importada,3192
2021,01,Maíz amarillo trillado,1750
2021,01,Huevo tipo A**,323
2021,01,Queso costeño,13208
2021,01,"Carne de cerdo, lomo sin hueso",16719
2021,01,"Carne de res, lomo fino",n.d.
2021,01,Pechuga de pollo,7506
2021,01,Aceite vegetal mezcla**,6680
2021,01,Azúcar sulfitada,2148
2021,01,Galletas saladas,12199
2021,01,Harina de trigo,3303
2021,01,Harina precocida de maíz,3660
2021,01,Lomitos de atún en lata,23162
2021,01,Margarina,18208
2021,01,Panela*,4028
2021,01,Pastas alimenticias,5313
2021,01,Salsa de tomate doy pack,12282
2021,02,Ahuyama,706
2021,02,Arveja verde en vaina,4481
2021,02,Cebolla cabezona blanca,1826
2021,02,Cebolla junca,1748
2021,02,Chócolo mazorca,947
2021,02,Habichuela,2627
2021,02,Lechuga Batavia,675
2021,02,Pepino cohombro,1317
2021,02,Pimentón,1531
2021,02,Remolacha,2082
2021,02,Tomate*,2432
2021,02,Zanahoria,1294
2021,02,Aguacate papelillo,4835
2021,02,Banano*,1181
2021,02,Coco,2583
2021,02,Granadilla,5019
2021,02,Guayaba pera,1377
2021,02,Limón común,1624
2021,02,Lulo,2616
2021,02,Mandarina*,2489
2021,02,Mango Tommy,1833
2021,02,Manzana roja importada,7675
2021,02,Maracuyá,2063
2021,02,Mora de Castilla,3953
2021,02,Naranja Valencia,n.d.
2021,02,Papaya maradol,1340
2021,02,Piña *,1125
2021,02,Tomate de árbol,2034
2021,02,Uva red globe nacional,5165
2021,02,Arracacha*,1008
2021,02,Papa negra*,779
2021,02,Papa criolla,1934
2021,02,Plátano hartón verde,1077
2021,02,Yuca*,704
2021,02,Arroz de primera,2737
2021,02,Arveja verde seca importada,2587
2021,02,Fríjol seco*,4667
2021,02,Garbanzo importado,n.d.
2021,02,Lenteja importada,3117
2021,02,Maíz amarillo trillado,1715
2021,02,Huevo tipo A**,326
2021,02,Queso costeño,13000
2021,02,"Carne de cerdo, lomo sin hueso",16469
2021,02,"Carne de res, sobrebarriga",15569
2021,02,Pechuga de pollo,7769
2021,02,Aceite vegetal mezcla**,6677
2021,02,Azúcar sulfitada,2117
2021,02,Galletas saladas,12222
2021,02,Harina de trigo,3307
2021,02,Harina precocida de maíz,3667
2021,02,Lomitos de atún en lata,23458
2021,02,Margarina,18167
2021,02,Panela*,4066
2021,02,Pastas alimenticias,5389
2021,02,Salsa de tomate doy pack,12315
2021,03,Ahuyama,733
2021,03,Arveja verde en vaina,3822
2021,03,Cebolla cabezona blanca,1826
2021,03,Cebolla junca,1799
2021,03,Chócolo mazorca,942
2021,03,Habichuela,2845
2021,03,Lechuga Batavia,806
2021,03,Pepino cohombro,709
2021,03,Pimentón,2390
2021,03,Remolacha,1702
2021,03,Repollo blanco,688
2021,03,Tomate*,2447
2021,03,Zanahoria,1184
2021,03,Aguacate papelillo,4589
2021,03,Banano*,1147
2021,03,Coco,2468
2021,03,Granadilla,7100
2021,03,Guayaba pera,1241
2021,03,Limón común,1567
2021,03,Lulo,2807
2021,03,Mandarina*,2112
2021,03,Mango Tommy,2883
2021,03,Manzana roja importada,6437
2021,03,Maracuyá,2775
2021,03,Mora de Castilla,2849
2021,03,Naranja Valencia,n.d.
2021,03,Papaya maradol,1243
2021,03,Pera importda,5629
2021,03,Piña *,1233
2021,03,Tomate de árbol,1948
2021,03,Uva red globe nacional,4896
2021,03,Arracacha*,1071
2021,03,Papa negra*,1143
2021,03,Papa criolla,2248
2021,03,Plátano hartón verde,913
2021,03,Yuca*,701
2021,03,Arroz de primera,2693
2021,03,Arveja verde seca importada,2533
2021,03,Fríjol seco*,4507
2021,03,Garbanzo importado,n.d.
2021,03,Lenteja importada,3187
2021,03,Maíz amarillo trillado,1689
2021,03,Huevo tipo A**,316
2021,03,Queso costeño,12133
2021,03,"Carne de cerdo, lomo sin hueso",16430
2021,03,"Carne de res, lomo fino",n.d.
2021,03,Pechuga de pollo,7885
2021,03,Aceite vegetal mezcla**,6643
2021,03,Azúcar sulfitada,2124
2021,03,Galletas saladas,12269
2021,03,Harina de trigo,3280
2021,03,Harina precocida de maíz,3733
2021,03,Lomitos de atún en lata,23464
2021,03,Margarina,18167
2021,03,Panela*,4089
2021,03,Pastas alimenticias,5472
2021,03,Salsa de tomate doy pack,12315
2021,04,Ahuyama,1226
2021,04,Arveja verde en vaina,4231
2021,04,Cebolla cabezona blanca,1967
2021,04,Cebolla junca,2006
2021,04,Chócolo mazorca,1172
2021,04,Habichuela,1747
2021,04,Lechuga Batavia,1167
2021,04,Pepino cohombro,569
2021,04,Pimentón,2254
2021,04,Remolacha,1852
2021,04,Tomate*,2082
2021,04,Zanahoria,1395
2021,04,Aguacate papelillo,5016
2021,04,Banano*,1145
2021,04,Coco,2525
2021,04,Granadilla,4568
2021,04,Guayaba pera,1195
2021,04,Limón común,2091
2021,04,Lulo,2774
2021,04,Mandarina*,1741
2021,04,Mango Tommy,2725
2021,04,Manzana roja importada,5847
2021,04,Maracuyá,3100
2021,04,Mora de Castilla,2329
2021,04,Naranja Valencia,n.d.
2021,04,Papaya maradol,1219
2021,04,Pera importda,4626
2021,04,Piña *,1282
2021,04,Tomate de árbol,2201
2021,04,Uva red globe nacional,4709
2021,04,Arracacha*,1075
2021,04,Papa negra*,1246
2021,04,Papa criolla,2554
2021,04,Plátano hartón verde,1021
2021,04,Yuca*,704
2021,04,Arroz de primera,2648
2021,04,Arveja verde seca importada,2633
2021,04,Fríjol seco*,4500
2021,04,Garbanzo importado,n.d.
2021,04,Lenteja importada,3367
2021,04,Maíz amarillo trillado,1660
2021,04,Huevo tipo A**,314
2021,04,Queso costeño,12458
2021,04,"Carne de cerdo, lomo sin hueso",15738
2021,04,"Carne de res, lomo fino",n.d.
2021,04,Pechuga de pollo,8213
2021,04,Aceite vegetal mezcla**,6806
2021,04,Azúcar sulfitada,2365
2021,04,Galletas saladas,12269
2021,04,Harina de trigo,3173
2021,04,Harina precocida de maíz,3830
2021,04,Lomitos de atún en lata,23427
2021,04,Margarina,18292
2021,04,Panela*,4087
2021,04,Pastas alimenticias,5625
2021,04,Salsa de tomate doy pack,12338
2021,05,Ahuyama,1533
2021,05,Arveja verde en vaina,3967
2021,05,Cebolla cabezona blanca,2853
2021,05,Cebolla junca,4665
2021,05,Chócolo mazorca,994
2021,05,Habichuela,1856
2021,05,Lechuga Batavia,2415
2021,05,Pepino cohombro,800
2021,05,Pimentón,2092
2021,05,Remolacha,2000
2021,05,Tomate*,3588
2021,05,Zanahoria,3056
2021,05,Aguacate papelillo,5848
2021,05,Banano*,1222
2021,05,Coco,2485
2021,05,Granadilla,4500
2021,05,Guayaba pera,1578
2021,05,Limón común,3014
2021,05,Lulo,2675
2021,05,Mandarina*,1553
2021,05,Mango Tommy,4400
2021,05,Manzana roja importada,5702
2021,05,Maracuyá,2842
2021,05,Mora de Castilla,4267
2021,05,Naranja Valencia,n.d.
2021,05,Papaya maradol,1633
2021,05,Piña *,1200
2021,05,Tomate de árbol,3414
2021,05,Uva red globe nacional,4593
2021,05,Arracacha*,2204
2021,05,Papa negra*,2333
2021,05,Papa criolla,2867
2021,05,Plátano hartón verde,1733
2021,05,Yuca*,1201
2021,05,Arroz de primera,2805
2021,05,Arveja verde seca importada,2875
2021,05,Fríjol seco*,5147
2021,05,Garbanzo importado,n.d.
2021,05,Lenteja importada,3467
2021,05,Maíz amarillo trillado,1667
2021,05,Huevo tipo A**,357
2021,05,Queso costeño,13917
2021,05,"Carne de cerdo, lomo sin hueso",16250
2021,05,"Carne de res, lomo fino",n.d.
2021,05,Pechuga de pollo,10667
2021,05,Aceite vegetal mezcla**,7459
2021,05,Azúcar sulfitada,2764
2021,05,Galletas saladas,12352
2021,05,Harina de trigo,3245
2021,05,Harina precocida de maíz,3956
2021,05,Lomitos de atún en lata,24199
2021,05,Margarina,18453
2021,05,Panela*,4101
2021,05,Pastas alimenticias,5611
2021,05,Salsa de tomate doy pack,12485
2021,06,Ahuyama,1403
2021,06,Arveja verde en vaina,5179
2021,06,Cebolla cabezona blanca,899
2021,06,Cebolla junca,1401
2021,06,Chócolo mazorca,837
2021,06,Habichuela,2539
2021,06,Lechuga Batavia,864
2021,06,Pepino cohombro,780
2021,06,Pimentón,2618
2021,06,Remolacha,967
2021,06,Tomate*,1827
2021,06,Zanahoria,2019
2021,06,Aguacate papelillo,4099
2021,06,Banano*,1338
2021,06,Coco,2499
2021,06,Granadilla,3560
2021,06,Guayaba pera,1376
2021,06,Limón común,1489
2021,06,Lulo,2721
2021,06,Mandarina*,2271
2021,06,Mango Tommy,2756
2021,06,Manzana verde importada,6865
2021,06,Maracuyá,2059
2021,06,Mora de Castilla,2263
2021,06,Naranja Valencia,n.d.
2021,06,Papaya maradol,1339
2021,06,Piña *,1029
2021,06,Tomate de árbol,2443
2021,06,Uva red globe nacional,4843
2021,06,Arracacha*,1017
2021,06,Papa negra*,1024
2021,06,Papa criolla,2211
2021,06,Plátano hartón verde,977
2021,06,Yuca*,858
2021,06,Arroz de primera,2890
2021,06,Arveja verde seca importada,2940
2021,06,Fríjol seco*,5867
2021,06,Garbanzo importado,n.d.
2021,06,Lenteja importada,3917
2021,06,Maíz blanco trillado,1917
2021,06,Huevo tipo A**,389
2021,06,Queso costeño,13083
2021,06,"Carne de cerdo, lomo sin hueso",16725
2021,06,"Carne de res, lomo fino",n.d.
2021,06,Pechuga de pollo,10900
2021,06,Aceite vegetal mezcla**,8351
2021,06,Azúcar sulfitada,2997
2021,06,Galletas saladas,12407
2021,06,Harina de trigo,3143
2021,06,Harina precocida de maíz,4080
2021,06,Lomitos de atún en lata,24183
2021,06,Margarina,18667
2021,06,Panela*,4253
2021,06,Pastas alimenticias,5556
2021,06,Salsa de tomate doy pack,12431
2021,07,Ahuyama,1418
2021,07,Apio,1925
2021,07,Arveja verde en vaina,6875
2021,07,Cebolla cabezona blanca,768
2021,07,Cebolla junca,1290
2021,07,Chócolo mazorca,720
2021,07,Habichuela,2540
2021,07,Lechuga Batavia,1256
2021,07,Pepino cohombro,1055
2021,07,Pimentón,2944
2021,07,Remolacha,1400
2021,07,Tomate*,1810
2021,07,Zanahoria,1993
2021,07,Aguacate papelillo,3562
2021,07,Banano*,1305
2021,07,Coco,2456
2021,07,Granadilla,4995
2021,07,Guayaba pera,1237
2021,07,Limón Tahití,985
2021,07,Lulo,2968
2021,07,Mandarina*,2330
2021,07,Mango Tommy,4666
2021,07,Manzana verde importada,7701
2021,07,Maracuyá,2816
2021,07,Mora de Castilla,2810
2021,07,Naranja Valencia,n.d.
2021,07,Papaya maradol,1598
2021,07,Piña *,1144
2021,07,Tomate de árbol,2616
2021,07,Uva red globe nacional,5278
2021,07,Arracacha*,832
2021,07,Papa negra*,1000
2021,07,Papa criolla,2756
2021,07,Plátano hartón verde,954
2021,07,Yuca*,839
2021,07,Arroz de primera,2575
2021,07,Arveja verde seca importada,2900
2021,07,Fríjol seco*,5817
2021,07,Garbanzo importado,n.d.
2021,07,Lenteja importada,4067
2021,07,Maíz amarillo trillado,1958
2021,07,Huevo tipo A**,445
2021,07,Queso costeño,11167
2021,07,"Carne de cerdo, lomo sin hueso",17263
2021,07,"Carne de res, lomo fino",n.d.
2021,07,Pechuga de pollo,11650
2021,07,Aceite vegetal mezcla**,8465
2021,07,Azúcar sulfitada,2777
2021,07,Galletas saladas,12407
2021,07,Harina de trigo,3300
2021,07,Harina precocida de maíz,4111
2021,07,Lomitos de atún en lata,24009
2021,07,Margarina,18667
2021,07,Panela*,4219
2021,07,Pastas alimenticias,6056
2021,07,Salsa de tomate doy pack,12014
2021,08,Ahuyama,1289
2021,08,Arveja verde en vaina,5406
2021,08,Cebolla cabezona blanca,649
2021,08,Cebolla junca,1261
2021,08,Chócolo mazorca,991
2021,08,Habichuela,1788
2021,08,Lechuga Batavia,1285
2021,08,Pepino cohombro,1238
2021,08,Pimentón,2467
2021,08,Remolacha,1516
2021,08,Tomate*,2149
2021,08,Zanahoria,2047
2021,08,Aguacate papelillo,3580
2021,08,Banano*,1301
2021,08,Coco,2469
2021,08,Granadilla,4320
2021,08,Guayaba pera,1117
2021,08,Limón Tahití,1528
2021,08,Lulo,2787
2021,08,Mandarina*,1908
2021,08,Mango Tommy,7174
2021,08,Manzana verde importada,7758
2021,08,Maracuyá,2096
2021,08,Mora de Castilla,3507
2021,08,Naranja Valencia,n.d.
2021,08,Papaya maradol,1903
2021,08,Piña *,1425
2021,08,Tomate de árbol,2296
2021,08,Uva red globe nacional,6035
2021,08,Arracacha*,938
2021,08,Papa negra*,879
2021,08,Papa criolla,2629
2021,08,Plátano hartón verde,982
2021,08,Yuca*,999
2021,08,Arroz de primera,2481
2021,08,Arveja verde seca importada,2949
2021,08,Fríjol seco*,5040
2021,08,Garbanzo importado,n.d.
2021,08,Lenteja importada,4300
2021,08,Maíz blanco trillado,1929
2021,08,Huevo tipo A**,376
2021,08,Queso costeño,13200
2021,08,"Carne de cerdo, lomo sin hueso",18075
2021,08,"Carne de res, lomo fino",n.d.
2021,08,Pechuga de pollo,11770
2021,08,Aceite vegetal mezcla**,8817
2021,08,Azúcar sulfitada,2913
2021,08,Galletas saladas,12407
2021,08,Harina de trigo,3523
2021,08,Harina precocida de maíz,4089
2021,08,Lomitos de atún en lata,23676
2021,08,Margarina,19280
2021,08,Panela*,4336
2021,08,Pastas alimenticias,5665
2021,08,Sal yodada,1427
2021,08,Salsa de tomate doy pack,12167
2021,09,Ahuyama,1158
2021,09,Ajo importado,8568
2021,09,Arveja verde en vaina,4290
2021,09,Cebolla cabezona blanca,707
2021,09,Cebolla junca,1033
2021,09,Chócolo mazorca,1311
2021,09,Habichuela,1909
2021,09,Lechuga Batavia,1431
2021,09,Pepino cohombro,776
2021,09,Pimentón,2196
2021,09,Remolacha,1587
2021,09,Repollo blanco,552
2021,09,Tomate*,1753
2021,09,Zanahoria,2050
2021,09,Aguacate papelillo,4636
2021,09,Banano*,1317
2021,09,Coco,2453
2021,09,Granadilla,3864
2021,09,Guayaba pera,1247
2021,09,Limón Tahití,1855
2021,09,Lulo,3349
2021,09,Mandarina*,1660
2021,09,Mango Tommy,5942
2021,09,Manzana roja importada,6881
2021,09,Maracuyá,2555
2021,09,Mora de Castilla,3246
2021,09,Naranja Valencia,n.d.
2021,09,Papaya maradol,1346
2021,09,Pera importada,6467
2021,09,Piña *,1354
2021,09,Tomate de árbol,2443
2021,09,Uva red globe nacional,5846
2021,09,Arracacha*,950
2021,09,Papa negra*,1004
2021,09,Papa criolla,2538
2021,09,Plátano hartón verde,1058
2021,09,Yuca*,1001
2021,09,Arroz de primera,2445
2021,09,Arveja verde seca importada,3307
2021,09,Fríjol seco*,5367
2021,09,Garbanzo importado,n.d.
2021,09,Lenteja importada,4333
2021,09,Maíz amarillo trillado,2108
2021,09,Huevo tipo A**,316
2021,09,Queso costeño,14875
2021,09,"Carne de cerdo, lomo sin hueso",19194
2021,09,"Carne de res, lomo fino",n.d.
2021,09,Pechuga de pollo,11563
2021,09,Aceite vegetal mezcla**,9315
2021,09,Azúcar sulfitada,2875
2021,09,Café molido,20133
2021,09,Galletas saladas,12324
2021,09,Harina de trigo,3423
2021,09,Harina precocida de maíz,4111
2021,09,Lomitos de atún en lata,23233
2021,09,Margarina,19383
2021,09,Panela*,4375
2021,09,Pastas alimenticias,6250
2021,09,Salsa de tomate doy pack,12315
2021,10,Ahuyama,1403
2021,10,Arveja verde en vaina,2630
2021,10,Cebolla cabezona blanca,900
2021,10,Cebolla junca,817
2021,10,Chócolo mazorca,877
2021,10,Habichuela,1798
2021,10,Lechuga Batavia,875
2021,10,Pepino cohombro,1208
2021,10,Pimentón,2351
2021,10,Remolacha,1546
2021,10,Tomate*,1907
2021,10,Zanahoria,1911
2021,10,Aguacate papelillo,4897
2021,10,Banano*,1325
2021,10,Coco,2467
2021,10,Granadilla,3764
2021,10,Guayaba pera,1589
2021,10,Limón Tahití,2438
2021,10,Lulo,4066
2021,10,Mandarina*,1678
2021,10,Mango Tommy,3936
2021,10,Manzana roja importada,6538
2021,10,Maracuyá,2935
2021,10,Mora de Castilla,3015
2021,10,Naranja Valencia,n.d.
2021,10,Papaya maradol,1667
2021,10,Piña *,1545
2021,10,Tomate de árbol,2788
2021,10,Uva red globe nacional,6028
2021,10,Arracacha*,874
2021,10,Papa negra*,1070
2021,10,Papa criolla,2889
2021,10,Plátano hartón verde,1196
2021,10,Yuca*,1269
2021,10,Arroz de primera,2334
2021,10,Arveja verde seca importada,3707
2021,10,Fríjol seco*,5700
2021,10,Garbanzo importado,n.d.
2021,10,Lenteja importada,4333
2021,10,Maíz blanco trillado,1923
2021,10,Huevo tipo A**,317
2021,10,Queso costeño,15208
2021,10,"Carne de cerdo, lomo sin hueso",19800
2021,10,"Carne de res, bola de pierna",22644
2021,10,Pechuga de pollo,11650
2021,10,Aceite vegetal mezcla**,9444
2021,10,Azúcar sulfitada,2850
2021,10,Galletas saladas,12421
2021,10,Harina de trigo,3473
2021,10,Harina precocida de maíz,4069
2021,10,Lomitos de atún en lata,22896
2021,10,Margarina,19300
2021,10,Panela*,4323
2021,10,Pastas alimenticias,6337
2021,10,Salsa de tomate doy pack,12176
2021,12,Ahuyama,1237
2021,12,Arveja verde en vaina,2562
2021,12,Cebolla cabezona blanca,1302
2021,12,Cebolla junca,1284
2021,12,Chócolo mazorca,748
2021,12,Habichuela,3966
2021,12,Lechuga Batavia,793
2021,12,Pepino cohombro,1207
2021,12,Pimentón,2643
2021,12,Remolacha,1058
2021,12,Tomate*,2062
2021,12,Zanahoria,1613
2021,12,Aguacate papelillo,4363
2021,12,Banano*,1228
2021,12,Coco,2832
2021,12,Granadilla,3583
2021,12,Guayaba pera,1368
2021,12,Kiwi,11500
2021,12,Limón común,1496
2021,12,Lulo,3985
2021,12,Mandarina*,1797
2021,12,Mango Tommy,1858
2021,12,Manzana royal gala importada,6683
2021,12,Maracuyá,2758
2021,12,Mora de Castilla,3843
2021,12,Naranja Valencia,n.d.
2021,12,Papaya*,1789
2021,12,Piña *,944
2021,12,Tomate de árbol,2242
2021,12,Uva red globe nacional,6479
2021,12,Arracacha*,1006
2021,12,Papa negra*,2117
2021,12,Papa criolla limpia,1800
2021,12,Plátano hartón verde,1367
2021,12,Yuca*,1563
2021,12,Arroz de primera,2347
2021,12,Arveja verde seca importada,3902
2021,12,Fríjol seco*,5889
2021,12,Garbanzo importado,1228
2021,12,Lenteja importada,4711
2021,12,Maíz blanco trillado,2202
2021,12,Huevo tipo A**,380
2021,12,Queso costeño,18000
2021,12,"Carne de cerdo, lomo sin hueso",20388
2021,12,"Carne de res, chatas",28294
2021,12,Pechuga de pollo,12812
2021,12,Aceite vegetal mezcla**,10451
2021,12,Azúcar sulfitada,2867
2021,12,Galletas saladas,12189
2021,12,Harina de trigo,3653
2021,12,Harina precocida de maíz,4019
2021,12,Lomitos de atún en lata,23162
2021,12,Margarina,19844
2021,12,Panela*,4421
2021,12,Pastas alimenticias,6273
2021,12,Salsa de tomate doy pack,12191
2022,01,Ahuyama,1198
2022,01,Arveja verde en vaina,3764
2022,01,Cebolla cabezona blanca,1840
2022,01,Cebolla junca,1330
2022,01,Chócolo mazorca,1036
2022,01,Habichuela,4204
2022,01,Lechuga Batavia,824
2022,01,Pepino cohombro,713
2022,01,Pimentón,2325
2022,01,Remolacha,946
2022,01,Tomate*,3302
2022,01,Zanahoria,1776
2022,01,Aguacate papelillo,5520
2022,01,Banano*,1258
2022,01,Coco,2865
2022,01,Granadilla,4680
2022,01,Guayaba pera,1343
2022,01,Limón común,2357
2022,01,Lulo,4157
2022,01,Mandarina*,2304
2022,01,Mango Tommy,3358
2022,01,Manzana royal gala importada,6687
2022,01,Maracuyá,2848
2022,01,Melón Cantalup,2432
2022,01,Mora de Castilla,4433
2022,01,Naranja Valencia,n.d.
2022,01,Papaya*,2241
2022,01,Piña *,1196
2022,01,Tomate de árbol,2214
2022,01,Uva red globe nacional,7948
2022,01,Arracacha*,1146
2022,01,Papa negra*,2641
2022,01,Papa criolla limpia,1843
2022,01,Plátano hartón verde,1572
2022,01,Yuca*,1806
2022,01,Arroz de primera,2517
2022,01,Arveja verde seca importada,3797
2022,01,Fríjol seco*,5813
2022,01,Garbanzo importado,1258
2022,01,Lenteja importada,5107
2022,01,Maíz blanco trillado,2307
2022,01,Huevo tipo A**,405
2022,01,Leche en polvo,28623
2022,01,Queso costeño,18933
2022,01,"Carne de cerdo, lomo sin hueso",20781
2022,01,"Carne de res, bola de pierna",27206
2022,01,Pechuga de pollo,12988
2022,01,Aceite vegetal mezcla**,10717
2022,01,Azúcar sulfitada,2941
2022,01,Galletas saladas,13167
2022,01,Harina de trigo,3664
2022,01,Harina precocida de maíz,4067
2022,01,Lomitos de atún en lata,24567
2022,01,Margarina,19867
2022,01,Panela*,4292
2022,01,Pastas alimenticias,6528
2022,01,Sal yodada,1480
2022,01,Salsa de tomate doy pack,12315
2022,02,Ahuyama,1090
2022,02,Apio,1391
2022,02,Arveja verde en vaina,4825
2022,02,Cebolla cabezona blanca,2239
2022,02,Cebolla junca,1489
2022,02,Chócolo mazorca,1015
2022,02,Habichuela,3322
2022,02,Lechuga Batavia,895
2022,02,Pepino cohombro,1388
2022,02,Pimentón,3044
2022,02,Remolacha,891
2022,02,Tomate*,3163
2022,02,Zanahoria,1354
2022,02,Aguacate papelillo,6707
2022,02,Banano*,1285
2022,02,Coco,2864
2022,02,Granadilla,6093
2022,02,Guayaba pera,1434
2022,02,Limón común,3044
2022,02,Lulo,4288
2022,02,Mandarina*,3274
2022,02,Mango Tommy,4739
2022,02,Manzana royal gala importada,6749
2022,02,Maracuyá,3566
2022,02,Melón Cantalup,2025
2022,02,Mora de Castilla,4830
2022,02,Naranja Valencia,n.d.
2022,02,Papaya*,2742
2022,02,Piña *,1175
2022,02,Tomate de árbol,2322
2022,02,Uva red globe nacional,6453
2022,02,Arracacha*,1179
2022,02,Papa negra*,2911
2022,02,Papa criolla limpia,2291
2022,02,Plátano guineo,n.d.
2022,02,Plátano hartón verde,1769
2022,02,Yuca*,2039
2022,02,Arroz de primera,2602
2022,02,Arveja verde seca importada,3947
2022,02,Fríjol seco*,6017
2022,02,Garbanzo importado,1285
2022,02,Lenteja importada,5433
2022,02,Maíz blanco trillado,2300
2022,02,Huevo tipo AA**,444
2022,02,Queso costeño,16042
2022,02,"Carne de cerdo, lomo sin hueso",20238
2022,02,"Carne de res, sobrebarriga",22694
2022,02,Pechuga de pollo,12763
2022,02,Aceite vegetal mezcla**,10632
2022,02,Azúcar sulfitada,2937
2022,02,Galletas saladas,13320
2022,02,Harina de trigo,3720
2022,02,Harina precocida de maíz,4056
2022,02,Lomitos de atún en lata,23805
2022,02,Margarina,20417
2022,02,Panela*,4479
2022,02,Pastas alimenticias,6563
2022,02,Sal yodada,1480
2022,02,Salsa de tomate doy pack,12315
2022,03,Ahuyama,944
2022,03,Ajo importado,7251
2022,03,Arveja verde en vaina,5718
2022,03,Cebolla cabezona blanca,2494
2022,03,Cebolla junca,2121
2022,03,Chócolo mazorca,1518
2022,03,Habichuela,3849
2022,03,Lechuga Batavia,780
2022,03,Pepino cohombro,1931
2022,03,Pimentón,2300
2022,03,Remolacha,997
2022,03,Tomate*,2864
2022,03,Zanahoria,1208
2022,03,Aguacate papelillo,5940
2022,03,Banano*,1348
2022,03,Coco,2796
2022,03,Granadilla,7936
2022,03,Guayaba pera,1880
2022,03,Limón Tahití,4450
2022,03,Lulo,4092
2022,03,Mandarina*,3302
2022,03,Mango Tommy,3838
2022,03,Manzana royal gala importada,7189
2022,03,Maracuyá,4176
2022,03,Mora de Castilla,4379
2022,03,Naranja Valencia,n.d.
2022,03,Papaya*,2674
2022,03,Pera importada,6852
2022,03,Piña *,1130
2022,03,Tomate de árbol,2872
2022,03,Uva red globe nacional,6311
2022,03,Arracacha*,1464
2022,03,Papa negra*,2852
2022,03,Papa criolla limpia,2555
2022,03,Plátano hartón verde,2014
2022,03,Yuca*,2419
2022,03,Arroz de primera,2946
2022,03,Arveja verde seca importada,3887
2022,03,Fríjol seco*,6733
2022,03,Garbanzo importado,1348
2022,03,Lenteja importada,5900
2022,03,Maíz blanco trillado,2333
2022,03,Huevo tipo AA**,467
2022,03,Queso costeño,15792
2022,03,"Carne de cerdo, lomo sin hueso",19070
2022,03,"Carne de res, sobrebarriga",22915
2022,03,Pechuga de pollo,12405
2022,03,Aceite vegetal mezcla**,10431
2022,03,Azúcar sulfitada,2923
2022,03,Galletas saladas,12467
2022,03,Harina de trigo,4080
2022,03,Harina precocida de maíz,4111
2022,03,Lomitos de atún en lata,23683
2022,03,Margarina,20533
2022,03,Panela*,4462
2022,03,Pastas alimenticias,6563
2022,03,Sal yodada,1543
2022,03,Salsa de tomate doy pack,12176
2022,04,Ahuyama,839
2022,04,Arveja verde en vaina,6495
2022,04,Cebolla cabezona blanca,3253
2022,04,Cebolla junca,2247
2022,04,Chócolo mazorca,1126
2022,04,Habichuela,2435
2022,04,Lechuga Batavia,791
2022,04,Pepino cohombro,1374
2022,04,Pimentón,3022
2022,04,Remolacha,1158
2022,04,Tomate*,3568
2022,04,Zanahoria,1893
2022,04,Aguacate papelillo,4967
2022,04,Banano*,1373
2022,04,Coco,2747
2022,04,Granadilla,6269
2022,04,Guayaba pera,1871
2022,04,Limón Tahití,4644
2022,04,Lulo,4041
2022,04,Mandarina*,3021
2022,04,Mango Tommy,3417
2022,04,Manzana verde importada,7221
2022,04,Maracuyá,3504
2022,04,Mora de Castilla,4500
2022,04,Naranja Valencia,n.d.
2022,04,Papaya*,1588
2022,04,Piña *,1144
2022,04,Tomate de árbol,3147
2022,04,Uva red globe nacional,6209
2022,04,Arracacha*,2075
2022,04,Papa negra*,2791
2022,04,Papa criolla limpia,3036
2022,04,Plátano hartón verde,1996
2022,04,Yuca*,2688
2022,04,Arroz de primera,3152
2022,04,Arveja verde seca importada,3880
2022,04,Fríjol seco*,7308
2022,04,Garbanzo importado,1373
2022,04,Lenteja importada,5783
2022,04,Maíz blanco trillado,2267
2022,04,Huevo tipo AA**,492
2022,04,Queso costeño,16250
2022,04,"Carne de cerdo, lomo sin hueso",18825
2022,04,"Carne de res, lomo fino",n.d.
2022,04,Pierna pernil con rabadilla,6775
2022,04,Aceite vegetal mezcla**,10535
2022,04,Azúcar sulfitada,3107
2022,04,Galletas saladas,12839
2022,04,Harina de trigo,3920
2022,04,Harina precocida de maíz,4236
2022,04,Lomitos de atún en lata,24469
2022,04,Margarina,20667
2022,04,Panela*,4444
2022,04,Pastas alimenticias,6597
2022,04,Salsa de tomate doy pack,12060
2022,05,Ahuyama,903
2022,05,Arveja verde en vaina,5244
2022,05,Cebolla cabezona blanca,1850
2022,05,Cebolla junca,2375
2022,05,Chócolo mazorca,927
2022,05,Habichuela,3633
2022,05,Lechuga Batavia,1058
2022,05,Pepino cohombro,1040
2022,05,Pimentón,4070
2022,05,Remolacha,1279
2022,05,Tomate*,3943
2022,05,Zanahoria,2870
2022,05,Aguacate papelillo,5738
2022,05,Banano*,1388
2022,05,Coco,2699
2022,05,Granadilla,5449
2022,05,Guayaba pera,2290
2022,05,Limón Tahití,1924
2022,05,Lulo,4763
2022,05,Mandarina*,2582
2022,05,Mango Tommy,2588
2022,05,Manzana verde importada,6795
2022,05,Maracuyá,2876
2022,05,Mora de Castilla,5088
2022,05,Naranja Valencia,n.d.
2022,05,Papaya*,1594
2022,05,Piña *,1126
2022,05,Tomate de árbol,3029
2022,05,Uva red globe nacional,6533
2022,05,Arracacha*,1858
2022,05,Papa negra*,1549
2022,05,Papa criolla limpia,2681
2022,05,Plátano hartón verde,1873
2022,05,Yuca*,2688
2022,05,Arroz de primera,3338
2022,05,Arveja verde seca importada,3840
2022,05,Fríjol seco*,7907
2022,05,Garbanzo importado,1388
2022,05,Lenteja importada,5853
2022,05,Maíz blanco trillado,2340
2022,05,Huevo tipo AA**,490
2022,05,Queso costeño,16133
2022,05,"Carne de cerdo, lomo sin hueso",17720
2022,05,"Carne de res, sobrebarriga",23960
2022,05,Pechuga de pollo,12550
2022,05,Aceite vegetal mezcla**,10764
2022,05,Azúcar sulfitada,3479
2022,05,Galletas saladas,13850
2022,05,Harina de trigo,3968
2022,05,Harina precocida de maíz,4344
2022,05,Lomitos de atún en lata,26201
2022,05,Margarina,21833
2022,05,Panela*,4403
2022,05,Pastas alimenticias,6917
2022,05,Salsa de tomate doy pack,12204
2022,06,Ahuyama,1194
2022,06,Arveja verde en vaina,4756
2022,06,Cebolla cabezona blanca,1696
2022,06,Cebolla junca,2548
2022,06,Chócolo mazorca,1056
2022,06,Habichuela,3927
2022,06,Lechuga Batavia,1363
2022,06,Pepino cohombro,974
2022,06,Pimentón,4296
2022,06,Remolacha,2381
2022,06,Tomate*,3388
2022,06,Zanahoria,2855
2022,06,Aguacate papelillo,5372
2022,06,Banano*,1417
2022,06,Coco,2595
2022,06,Granadilla,7896
2022,06,Guayaba pera,2726
2022,06,Limón Tahití,1229
2022,06,Lulo,4971
2022,06,Mandarina*,2574
2022,06,Mango Tommy,4421
2022,06,Manzana royal gala importada,5570
2022,06,Maracuyá,3343
2022,06,Mora de Castilla,4770
2022,06,Naranja Valencia,n.d.
2022,06,Papaya*,1896
2022,06,Pera importada,5933
2022,06,Piña *,1142
2022,06,Tomate de árbol,2842
2022,06,Uva red globe nacional,6466
2022,06,Arracacha*,1914
2022,06,Papa negra*,1261
2022,06,Papa criolla limpia,2207
2022,06,Plátano hartón verde,1822
2022,06,Yuca*,2799
2022,06,Arroz de primera,3277
2022,06,Arveja verde seca importada,3860
2022,06,Fríjol seco*,8683
2022,06,Garbanzo importado,n.d.
2022,06,Lenteja importada,5833
2022,06,Maíz blanco trillado,2408
2022,06,Huevo tipo AA**,496
2022,06,Queso costeño,15583
2022,06,"Carne de cerdo, lomo sin hueso",17956
2022,06,"Carne de res, morrillo",24963
2022,06,Pechuga de pollo,12500
2022,06,Aceite vegetal mezcla**,10729
2022,06,Azúcar sulfitada,3778
2022,06,Galletas saladas,13909
2022,06,Harina de trigo,4107
2022,06,Harina precocida de maíz,4403
2022,06,Lomitos de atún en lata,26593
2022,06,Margarina,22667
2022,06,Panela*,4479
2022,06,Pastas alimenticias,7028
2022,06,Salsa de tomate doy pack,12361
2022,07,Ahuyama,1386
2022,07,Apio,1843
2022,07,Arveja verde en vaina,4719
2022,07,Cebolla cabezona blanca,2502
2022,07,Cebolla junca,2554
2022,07,Chócolo mazorca,1498
2022,07,Habichuela,3452
2022,07,Lechuga Batavia,2237
2022,07,Pepino cohombro,1412
2022,07,Pimentón,2420
2022,07,Remolacha,3125
2022,07,Tomate*,2255
2022,07,Zanahoria,2055
2022,07,Aguacate papelillo,5363
2022,07,Banano*,1552
2022,07,Coco,2616
2022,07,Granadilla,9566
2022,07,Guayaba pera,2224
2022,07,Limón Tahití,1421
2022,07,Lulo,4205
2022,07,Mandarina*,2972
2022,07,Mango Tommy,6137
2022,07,Manzana royal gala importada,5998
2022,07,Maracuyá,3199
2022,07,Mora de Castilla,4549
2022,07,Naranja Valencia,n.d.
2022,07,Papaya*,2444
2022,07,Piña *,1189
2022,07,Tomate de árbol,2929
2022,07,Uva red globe nacional,6612
2022,07,Arracacha*,3176
2022,07,Papa negra*,1047
2022,07,Papa criolla limpia,1694
2022,07,Plátano hartón verde,1987
2022,07,Yuca*,2916
2022,07,Arroz de primera,3240
2022,07,Arveja verde seca importada,4073
2022,07,Fríjol seco*,9450
2022,07,Garbanzo importado,n.d.
2022,07,Lenteja importada,6000
2022,07,Maíz blanco trillado,2458
2022,07,Huevo tipo AA**,492
2022,07,Queso costeño,15333
2022,07,"Carne de cerdo, lomo sin hueso",19019
2022,07,"Carne de res, morrillo",25000
2022,07,Pierna pernil con rabadilla,8625
2022,07,Aceite vegetal mezcla**,10872
2022,07,Azúcar sulfitada,3967
2022,07,Galletas saladas,14114
2022,07,Harina de trigo,3987
2022,07,Harina precocida de maíz,4514
2022,07,Lomitos de atún en lata,25797
2022,07,Margarina,22750
2022,07,Panela*,4427
2022,07,Pastas alimenticias,6931
2022,07,Salsa de tomate doy pack,12685
2022,08,Ahuyama,1344
2022,08,Arveja verde en vaina,4900
2022,08,Cebolla cabezona blanca,2638
2022,08,Cebolla junca,2258
2022,08,Chócolo mazorca,1180
2022,08,Habichuela,3852
2022,08,Lechuga Batavia,2191
2022,08,Pepino cohombro,1029
2022,08,Pimentón,1710
2022,08,Remolacha,3395
2022,08,Tomate*,2442
2022,08,Zanahoria,1779
2022,08,Aguacate papelillo,4911
2022,08,Banano*,1481
2022,08,Coco,2637
2022,08,Granadilla,6903
2022,08,Guayaba pera,2034
2022,08,Limón Tahití,1997
2022,08,Lulo,4168
2022,08,Mandarina*,3082
2022,08,Mango Tommy,7959
2022,08,Manzana verde importada,6276
2022,08,Maracuyá,3150
2022,08,Mora de Castilla,3794
2022,08,Naranja Valencia,-
2022,08,Papaya*,2386
2022,08,Piña *,1237
2022,08,Tomate de árbol,3149
2022,08,Uva red globe nacional,6756
2022,08,Arracacha*,2944
2022,08,Papa negra*,826
2022,08,Papa criolla limpia,1489
2022,08,Plátano hartón verde,1911
2022,08,Yuca*,3017
2022,08,Arroz de primera,3425
2022,08,Arveja verde seca importada,4347
2022,08,Fríjol seco*,10020
2022,08,Garbanzo importado,-
2022,08,Lenteja importada,6400
2022,08,Maíz blanco trillado,2447
2022,08,Huevo tipo AA**,506
2022,08,Queso costeño,15733
2022,08,"Carne de cerdo, lomo sin hueso",18750
2022,08,"Carne de res, lomo fino",n.d.
2022,08,Pierna pernil con rabadilla,8510
2022,08,Aceite vegetal mezcla**,11428
2022,08,Azúcar sulfitada,4277
2022,08,Galletas saladas,15411
2022,08,Harina de trigo,3947
2022,08,Harina precocida de maíz,4528
2022,08,Lomitos de atún en lata,25654
2022,08,Margarina,23587
2022,08,Panela*,4556
2022,08,Pastas alimenticias,7111
2022,08,Salsa de tomate doy pack,12685
2022,09,Ahuyama,1307
2022,09,Arveja verde en vaina,6300
2022,09,Cebolla cabezona blanca,3075
2022,09,Cebolla junca,2046
2022,09,Chócolo mazorca,1594
2022,09,Habichuela,2240
2022,09,Lechuga Batavia,2209
2022,09,Pepino cohombro,1391
2022,09,Pimentón,1702
2022,09,Remolacha,3891
2022,09,Tomate*,2249
2022,09,Zanahoria,1808
2022,09,Aguacate papelillo,5076
2022,09,Banano*,1416
2022,09,Coco,2626
2022,09,Granadilla,6338
2022,09,Guayaba pera,1361
2022,09,Limón Tahití,3947
2022,09,Lulo,4478
2022,09,Mandarina*,2690
2022,09,Mango Tommy,9458
2022,09,Manzana verde importada,6601
2022,09,Maracuyá,4131
2022,09,Mora de Castilla,3446
2022,09,Naranja Valencia,n.d.
2022,09,Papaya*,2179
2022,09,Piña *,1492
2022,09,Tomate de árbol,3258
2022,09,Uva red globe nacional,9377
2022,09,Arracacha*,3292
2022,09,Papa negra*,1058
2022,09,Papa criolla limpia,1822
2022,09,Plátano hartón verde,1788
2022,09,Yuca*,2949
2022,09,Arroz de primera,3485
2022,09,Arveja verde seca importada,4240
2022,09,Fríjol seco*,10875
2022,09,Garbanzo importado,n.d.
2022,09,Lenteja importada,6233
2022,09,Maíz blanco trillado,2517
2022,09,Huevo tipo AA**,512
2022,09,Queso costeño,17125
2022,09,"Carne de cerdo, costilla",15931
2022,09,"Carne de res, lomo fino",n.d.
2022,09,Pierna pernil con rabadilla,7950
2022,09,Aceite vegetal mezcla**,11524
2022,09,Azúcar sulfitada,4260
2022,09,Café molido,28380
2022,09,Galletas saladas,14832
2022,09,Harina de trigo,4110
2022,09,Harina precocida de maíz,4392
2022,09,Lomitos de atún en lata,25020
2022,09,Margarina,24892
2022,09,Panela*,4642
2022,09,Pastas alimenticias,7139
2022,09,Salsa de tomate doy pack,12694
2022,10,Ahuyama,1562
2022,10,Ajo importado,7386
2022,10,Arveja verde en vaina,5111
2022,10,Cebolla cabezona blanca,3089
2022,10,Cebolla junca,1727
2022,10,Chócolo mazorca,1536
2022,10,Habichuela,2714
2022,10,Lechuga Batavia,856
2022,10,Pepino cohombro,1216
2022,10,Pimentón,2001
2022,10,Remolacha,3481
2022,10,Tomate*,1944
2022,10,Zanahoria,1622
2022,10,Aguacate papelillo,5944
2022,10,Banano*,1519
2022,10,Coco,2675
2022,10,Granadilla,5927
2022,10,Guayaba pera,1719
2022,10,Limón Tahití,3457
2022,10,Lulo,4332
2022,10,Mandarina*,2188
2022,10,Mango Tommy,4712
2022,10,Manzana royal gala importada,6992
2022,10,Maracuyá,3641
2022,10,Mora de Castilla,2963
2022,10,Naranja Valencia,n.d.
2022,10,Papaya*,2235
2022,10,Piña *,1719
2022,10,Tomate de árbol,2688
2022,10,Uva red globe nacional,9577
2022,10,Arracacha*,4204
2022,10,Papa negra*,1561
2022,10,Papa criolla limpia,2124
2022,10,Plátano hartón verde,2069
2022,10,Yuca*,2757
2022,10,Arroz de primera,3537
2022,10,Arveja verde seca importada,4517
2022,10,Fríjol seco*,11067
2022,10,Garbanzo importado,n.d.
2022,10,Lenteja importada,6267
2022,10,Maíz blanco trillado,2480
2022,10,Huevo tipo AA**,543
2022,10,Queso costeño,18433
2022,10,"Carne de cerdo, lomo sin hueso",19419
2022,10,"Carne de res, lomo fino",n.d.
2022,10,Pierna pernil con rabadilla,7925
2022,10,Aceite vegetal mezcla**,11831
2022,10,Azúcar sulfitada,4079
2022,10,Café molido,30016
2022,10,Galletas saladas,14758
2022,10,Harina de trigo,4133
2022,10,Harina precocida de maíz,4400
2022,10,Lomitos de atún en lata,24510
2022,10,Margarina,25413
2022,10,Panela*,4639
2022,10,Pastas alimenticias,7639
2022,10,Salsa de tomate doy pack,12696
2022,11,Ahuyama,1561
2022,11,Arveja verde en vaina,5275
2022,11,Cebolla cabezona blanca,3644
2022,11,Cebolla junca,1777
2022,11,Chócolo mazorca,1501
2022,11,Habichuela,2880
2022,11,Lechuga Batavia,724
2022,11,Pepino cohombro,1270
2022,11,Pimentón,2281
2022,11,Remolacha,2405
2022,11,Tomate*,2062
2022,11,Zanahoria,1633
2022,11,Aguacate papelillo,6659
2022,11,Banano*,1553
2022,11,Coco,2745
2022,11,Granadilla,5776
2022,11,Guayaba pera,2454
2022,11,Limón Tahití,1778
2022,11,Lulo,4047
2022,11,Mandarina*,1940
2022,11,Mango Tommy,2550
2022,11,Manzana verde importada,8014
2022,11,Maracuyá,3329
2022,11,Mora de Castilla,2425
2022,11,Naranja Valencia,n.d.
2022,11,Papaya*,2133
2022,11,Piña *,1733
2022,11,Tomate de árbol,2005
2022,11,Uva red globe nacional,7499
2022,11,Arracacha*,4021
2022,11,Papa negra*,2128
2022,11,Papa criolla limpia,2128
2022,11,Plátano hartón verde,2402
2022,11,Yuca*,2833
2022,11,Arroz de primera,3706
2022,11,Arveja verde seca importada,4340
2022,11,Fríjol seco*,10950
2022,11,Garbanzo importado,n.d.
2022,11,Lenteja importada,5917
2022,11,Maíz blanco trillado,2667
2022,11,Huevo tipo AA**,566
2022,11,Queso costeño,20083
2022,11,"Carne de cerdo, costilla",18410
2022,11,"Carne de res, lomo fino",n.d.
2022,11,Pierna pernil con rabadilla,8250
2022,11,Aceite vegetal mezcla**,12066
2022,11,Azúcar sulfitada,4057
2022,11,Galletas saladas,15262
2022,11,Gelatina,29080
2022,11,Harina de trigo,4267
2022,11,Harina precocida de maíz,4583
2022,11,Lomitos de atún en lata,25184
2022,11,Margarina,25750
2022,11,Panela*,4740
2022,11,Pastas alimenticias,7778
2022,11,Salsa de tomate doy pack,12755
2022,12,Ahuyama,1566
2022,12,Ajo importado,6690
2022,12,Arveja verde en vaina,6294
2022,12,Cebolla cabezona blanca,4856
2022,12,Cebolla junca,2421
2022,12,Chócolo mazorca,1086
2022,12,Habichuela,2378
2022,12,Lechuga Batavia,1203
2022,12,Pepino cohombro,2433
2022,12,Pimentón,3949
2022,12,Remolacha,2414
2022,12,Tomate*,3431
2022,12,Zanahoria,2159
2022,12,Aguacate papelillo,7229
2022,12,Banano*,1549
2022,12,Coco,2804
2022,12,Granadilla,5215
2022,12,Guayaba pera,1916
2022,12,Limón Tahití,1356
2022,12,Lulo,3586
2022,12,Mandarina*,2128
2022,12,Mango Tommy,1989
2022,12,Manzana verde importada,8310
2022,12,Maracuyá,3357
2022,12,Mora de Castilla,2964
2022,12,Naranja Valencia,n.d.
2022,12,Papaya*,2039
2022,12,Pera importada,7625
2022,12,Piña *,1467
2022,12,Tomate de árbol,2146
2022,12,Uva red globe nacional,8807
2022,12,Arracacha*,4013
2022,12,Papa negra*,2453
2022,12,Papa criolla limpia,2950
2022,12,Plátano hartón verde,2675
2022,12,Yuca*,2834
2022,12,Arroz de primera,3793
2022,12,Arveja verde seca importada,4653
2022,12,Fríjol seco*,10950
2022,12,Garbanzo importado,n.d.
2022,12,Lenteja importada,5967
2022,12,Maíz blanco trillado,2947
2022,12,Huevo tipo A**,548
2022,12,Queso costeño,21167
2022,12,"Carne de cerdo, costilla",18644
2022,12,"Carne de res, pecho",25956
2022,12,Pechuga de pollo,12425
2022,12,Aceite vegetal mezcla**,12174
2022,12,Azúcar sulfitada,4112
2022,12,Galletas saladas,14468
2022,12,Gelatina,4453
2022,12,Harina precocida de maíz,4639
2022,12,Lomitos de atún en lata,27778
2022,12,Margarina,25667
2022,12,Panela*,4976
2022,12,Pastas alimenticias,7708
2022,12,Salsa de tomate doy pack,12963
2022,12,Sardinas en lata,13623
2023,01,Ahuyama,1631
2023,01,Arveja verde en vaina,4150
2023,01,Cebolla cabezona blanca,3999
2023,01,Cebolla junca,3017
2023,01,Chócolo mazorca,1475
2023,01,Habichuela,4173
2023,01,Lechuga Batavia,1524
2023,01,Pepino cohombro,1823
2023,01,Pimentón,4115
2023,01,Remolacha,2582
2023,01,Tomate*,3460
2023,01,Zanahoria,2155
2023,01,Aguacate papelillo,7255
2023,01,Banano*,1531
2023,01,Coco,2830
2023,01,Granadilla,7062
2023,01,Guayaba pera,1478
2023,01,Limón Tahití,1972
2023,01,Lulo,4344
2023,01,Mandarina*,2609
2023,01,Mango Tommy,2275
2023,01,Manzana verde importada,8516
2023,01,Maracuyá,3268
2023,01,Mora de Castilla,4255
2023,01,Naranja Valencia,n.d.
2023,01,Papaya*,2254
2023,01,Piña *,1574
2023,01,Tomate de árbol,2536
2023,01,Uva red globe nacional,9269
2023,01,Arracacha*,3999
2023,01,Papa negra*,2489
2023,01,Papa criolla limpia,2745
2023,01,Plátano hartón verde,2842
2023,01,Yuca*,2558
2023,01,Arroz de primera,3899
2023,01,Arveja verde seca importada,4955
2023,01,Fríjol seco*,11147
2023,01,Garbanzo importado,n.d.
2023,01,Lenteja importada,5987
2023,01,Maíz blanco trillado,2952
2023,01,Huevo tipo A**,538
2023,01,Queso costeño,23933
2023,01,"Carne de cerdo, costilla",19805
2023,01,"Carne de res, lomo fino",n.d.
2023,01,Pechuga de pollo,12560
2023,01,Aceite vegetal mezcla**,12267
2023,01,Azúcar sulfitada,4079
2023,01,Galletas saladas,15050
2023,01,Harina de trigo,4499
2023,01,Harina precocida de maíz,4664
2023,01,Lomitos de atún en lata,29330
2023,01,Margarina,26373
2023,01,Panela*,5061
2023,01,Pastas alimenticias,7361
2023,01,Salsa de tomate doy pack,13074
2023,01,Sardinas en lata,14265
2023,02,Ahuyama,1300
2023,02,Arveja verde en vaina,5475
2023,02,Cebolla cabezona blanca,3044
2023,02,Cebolla junca,4064
2023,02,Chócolo mazorca,1295
2023,02,Coliflor,3188
2023,02,Habichuela,2832
2023,02,Lechuga Batavia,1463
2023,02,Pepino cohombro,1451
2023,02,Pimentón,5131
2023,02,Remolacha,3033
2023,02,Tomate*,2715
2023,02,Zanahoria,2059
2023,02,Aguacate papelillo,6338
2023,02,Banano*,1543
2023,02,Coco,2858
2023,02,Granadilla,7993
2023,02,Guayaba pera,1825
2023,02,Limón Tahití,2554
2023,02,Lulo,4099
2023,02,Mandarina*,3147
2023,02,Mango Tommy,4860
2023,02,Manzana verde importada,8372
2023,02,Maracuyá,4120
2023,02,Mora de Castilla,3951
2023,02,Naranja Valencia,n.d.
2023,02,Papaya*,2982
2023,02,Piña *,1771
2023,02,Tomate de árbol,2684
2023,02,Uva red globe nacional,9219
2023,02,Arracacha*,3108
2023,02,Papa negra*,2023
2023,02,Papa criolla limpia,3092
2023,02,Plátano hartón verde,2908
2023,02,Yuca*,2179
2023,02,Arroz de primera,3961
2023,02,Arveja verde seca importada,5027
2023,02,Fríjol seco*,11508
2023,02,Garbanzo importado,n.d.
2023,02,Lenteja importada,6433
2023,02,Maíz blanco trillado,2883
2023,02,Huevo tipo AA**,534
2023,02,Queso costeño,22250
2023,02,"Carne de cerdo, costilla",19338
2023,02,"Carne de res, muchacho",28281
2023,02,Pechuga de pollo,12663
2023,02,Aceite vegetal mezcla**,12101
2023,02,Azúcar sulfitada,4022
2023,02,Galletas saladas,15664
2023,02,Harina de trigo,4613
2023,02,Harina precocida de maíz,5094
2023,02,Lomitos de atún en lata,29054
2023,02,Margarina,27667
2023,02,Panela*,4983
2023,02,Pastas alimenticias,7500
2023,02,Salsa de tomate doy pack,15810
2023,02,Sardinas en lata,13971
2023,03,Ahuyama,1033
2023,03,Arveja verde en vaina,4933
2023,03,Cebolla cabezona blanca,2590
2023,03,Cebolla junca,3841
2023,03,Chócolo mazorca,1754
2023,03,Habichuela,4902
2023,03,Lechuga Batavia,1615
2023,03,Pepino cohombro,1806
2023,03,Pimentón,5636
2023,03,Remolacha,3119
2023,03,Tomate*,2465
2023,03,Zanahoria,1934
2023,03,Aguacate papelillo,7094
2023,03,Banano*,1624
2023,03,Coco,2890
2023,03,Granadilla,8601
2023,03,Guayaba pera,2368
2023,03,Limón Tahití,4603
2023,03,Lulo,3801
2023,03,Mandarina*,2748
2023,03,Mango Tommy,5074
2023,03,Manzana verde importada,8432
2023,03,Maracuyá,4650
2023,03,Mora de Castilla,4512
2023,03,Naranja Valencia,n.d.
2023,03,Papaya*,3039
2023,03,Pera importada,7515
2023,03,Piña *,1988
2023,03,Tomate de árbol,3134
2023,03,Uva red globe nacional,8561
2023,03,Arracacha*,3817
2023,03,Papa negra*,1658
2023,03,Papa criolla limpia,3259
2023,03,Plátano hartón verde,2931
2023,03,Yuca*,2046
2023,03,Arroz de primera,3946
2023,03,Arveja verde seca importada,4960
2023,03,Fríjol seco*,11383
2023,03,Garbanzo importado,n.d.
2023,03,Lenteja importada,6533
2023,03,Maíz blanco trillado,2817
2023,03,Huevo tipo AA**,543
2023,03,Queso costeño,18750
2023,03,"Carne de cerdo, costilla",19488
2023,03,"Carne de res, pecho",26988
2023,03,Pechuga de pollo,12569
2023,03,Aceite vegetal mezcla**,12417
2023,03,Azúcar sulfitada,3973
2023,03,Galletas saladas,15594
2023,03,Gelatina,34583
2023,03,Harina de trigo,4827
2023,03,Harina precocida de maíz,5389
2023,03,Lomitos de atún en lata,28493
2023,03,Margarina,28375
2023,03,Panela*,4771
2023,03,Pastas alimenticias,7691
2023,03,Salsa de tomate doy pack,16898
2023,03,Sardinas en lata,13828
2023,04,Ahuyama,1030
2023,04,Arveja verde en vaina,5678
2023,04,Cebolla cabezona blanca,2225
2023,04,Cebolla junca,3863
2023,04,Chócolo mazorca,1440
2023,04,Habichuela,3994
2023,04,Lechuga Batavia,1884
2023,04,Pepino cohombro,962
2023,04,Pimentón,4329
2023,04,Remolacha,3135
2023,04,Tomate*,2041
2023,04,Zanahoria,2868
2023,04,Aguacate papelillo,7834
2023,04,Banano*,1658
2023,04,Coco,3082
2023,04,Granadilla,7047
2023,04,Guayaba pera,2297
2023,04,Limón Tahití,4278
2023,04,Lulo,3418
2023,04,Mandarina*,1932
2023,04,Mango Tommy,2762
2023,04,Manzana verde importada,8422
2023,04,Maracuyá,5007
2023,04,Mora de Castilla,3996
2023,04,Naranja Valencia,n.d.
2023,04,Papaya*,2067
2023,04,Piña *,2050
2023,04,Tomate de árbol,3230
2023,04,Uva red globe nacional,6625
2023,04,Arracacha*,3573
2023,04,Papa negra*,1376
2023,04,Papa criolla limpia,3975
2023,04,Plátano hartón verde,3245
2023,04,Yuca*,1979
2023,04,Arroz de primera,4006
2023,04,Arveja verde seca importada,4920
2023,04,Fríjol seco*,11217
2023,04,Garbanzo importado,n.d.
2023,04,Lenteja importada,6433
2023,04,Maíz blanco trillado,2842
2023,04,Huevo tipo AA**,564
2023,04,Queso costeño,19042
2023,04,"Carne de cerdo, costilla",18894
2023,04,"Carne de res, sobrebarriga",27888
2023,04,Pechuga de pollo,12325
2023,04,Aceite vegetal mezcla**,12757
2023,04,Azúcar sulfitada,3917
2023,04,Galletas saladas,15125
2023,04,Harina de trigo,4827
2023,04,Harina precocida de maíz,5417
2023,04,Jugo instantáneo (sobre),31250
2023,04,Lomitos de atún en lata,29973
2023,04,Margarina,29342
2023,04,Panela*,4757
2023,04,Pastas alimenticias,7795
2023,04,Salsa de tomate doy pack,16956
2023,04,Sardinas en lata,14134
2023,06,Ahuyama,986
2023,06,Arveja verde en vaina,6467
2023,06,Cebolla cabezona blanca,1484
2023,06,Cebolla junca,2545
2023,06,Chócolo mazorca,1064
2023,06,Habichuela,2947
2023,06,Lechuga Batavia,1283
2023,06,Pepino cohombro,1019
2023,06,Pimentón,2752
2023,06,Remolacha,1460
2023,06,Tomate*,2461
2023,06,Zanahoria,2032
2023,06,Aguacate papelillo,5677
2023,06,Banano*,1665
2023,06,Coco,3696
2023,06,Granadilla,6508
2023,06,Guayaba pera,2460
2023,06,Limón Tahití,862
2023,06,Lulo,4347
2023,06,Mandarina*,3160
2023,06,Mango Tommy,3745
2023,06,Manzana verde importada,8381
2023,06,Maracuyá,3755
2023,06,Mora de Castilla,4168
2023,06,Naranja Valencia,n.d.
2023,06,Papaya*,2112
2023,06,Piña *,1892
2023,06,Tomate de árbol,4412
2023,06,Uva red globe nacional,7329
2023,06,Arracacha*,3493
2023,06,Papa negra*,1085
2023,06,Papa criolla limpia,3156
2023,06,Plátano hartón verde,2874
2023,06,Yuca*,1784
2023,06,Arroz de primera,3942
2023,06,Arveja verde seca importada,4753
2023,06,Fríjol seco*,11417
2023,06,Garbanzo importado,n.d.
2023,06,Lenteja importada,5900
2023,06,Maíz blanco trillado,2850
2023,06,Huevo tipo A**,518
2023,06,Queso costeño,19625
2023,06,"Carne de cerdo, costilla",18181
2023,06,"Carne de res, lomo fino",n.d.
2023,06,Pechuga de pollo,12088
2023,06,Aceite vegetal mezcla**,13302
2023,06,Azúcar sulfitada,4175
2023,06,Galletas saladas,16115
2023,06,Harina de trigo,4923
2023,06,Harina precocida de maíz,5556
2023,06,Jugo instantáneo (sobre),31481
2023,06,Lomitos de atún en lata,32220
2023,06,Margarina,29125
2023,06,Panela*,5174
2023,06,Pastas alimenticias,7778
2023,06,Salsa de tomate doy pack,19907
2023,06,Sardinas en lata,14624
2023,07,Ahuyama,1091
2023,07,Arveja verde en vaina,7212
2023,07,Cebolla cabezona blanca,1868
2023,07,Cebolla junca,2566
2023,07,Chócolo mazorca,1125
2023,07,Habichuela,2564
2023,07,Lechuga Batavia,1118
2023,07,Pepino cohombro,1198
2023,07,Pimentón,1636
2023,07,Remolacha,1098
2023,07,Tomate*,3133
2023,07,Zanahoria,1943
2023,07,Aguacate papelillo,4750
2023,07,Banano*,1652
2023,07,Coco,3863
2023,07,Granadilla,8358
2023,07,Guayaba pera,2416
2023,07,Limón Tahití,1184
2023,07,Lulo,3847
2023,07,Mandarina*,3491
2023,07,Mango Tommy,6477
2023,07,Manzana verde importada,9726
2023,07,Maracuyá,4483
2023,07,Mora de Castilla,3704
2023,07,Naranja Valencia,n.d.
2023,07,Papaya*,2406
2023,07,Piña *,1874
2023,07,Tomate de árbol,4290
2023,07,Uva red globe nacional,9522
2023,07,Arracacha*,3035
2023,07,Papa negra*,1058
2023,07,Papa criolla limpia,2910
2023,07,Plátano hartón verde,2542
2023,07,Yuca*,1620
2023,07,Arroz de primera,3903
2023,07,Arveja verde seca importada,4779
2023,07,Fríjol seco*,11360
2023,07,Garbanzo importado,n.d.
2023,07,Lenteja importada,6147
2023,07,Maíz blanco trillado,2804
2023,07,Huevo tipo A**,505
2023,07,Queso cuajada,12467
2023,07,"Carne de cerdo, costilla",19231
2023,07,"Carne de res, lomo fino",n.d.
2023,07,Pechuga de pollo,12688
2023,07,Aceite vegetal mezcla**,13302
2023,07,Azúcar sulfitada,3989
2023,07,Galletas saladas,15419
2023,07,Harina de trigo,5021
2023,07,Harina precocida de maíz,5514
2023,07,Jugo instantáneo (sobre),32685
2023,07,Lomitos de atún en lata,31789
2023,07,Margarina,27473
2023,07,Panela*,5269
2023,07,Pastas alimenticias,7778
2023,07,Sal yodada,2107
2023,07,Salsa de tomate doy pack,20833
2023,07,Sardinas en lata,14889
2023,08,Ahuyama,1158
2023,08,Arveja verde en vaina,6624
2023,08,Cebolla cabezona blanca,3464
2023,08,Cebolla junca,2970
2023,08,Chócolo mazorca,1237
2023,08,Habichuela,4409
2023,08,Lechuga Batavia,1358
2023,08,Pepino cohombro,1700
2023,08,Pimentón,1425
2023,08,Remolacha,1080
2023,08,Tomate*,3856
2023,08,Zanahoria,1605
2023,08,Aguacate papelillo,5091
2023,08,Banano*,1656
2023,08,Coco,4237
2023,08,Granadilla,7414
2023,08,Guayaba pera,2088
2023,08,Limón Tahití,2185
2023,08,Lulo,3234
2023,08,Mandarina*,3368
2023,08,Mango Tommy,9150
2023,08,Manzana verde importada,12032
2023,08,Maracuyá,3514
2023,08,Mora de Castilla,3816
2023,08,Naranja Valencia,n.d.
2023,08,Papaya*,2450
2023,08,Piña *,2270
2023,08,Tomate de árbol,2447
2023,08,Uva red globe nacional,10389
2023,08,Arracacha*,3444
2023,08,Papa negra*,1376
2023,08,Papa criolla limpia,3868
2023,08,Plátano hartón verde,2053
2023,08,Yuca*,1526
2023,08,Arroz de primera,3804
2023,08,Arveja verde seca importada,4633
2023,08,Fríjol seco*,10633
2023,08,Garbanzo importado,n.d.
2023,08,Lenteja importada,6050
2023,08,Maíz blanco trillado,2767
2023,08,Huevo tipo A**,512
2023,08,Queso cuajada,11708
2023,08,"Carne de cerdo, costilla",19510
2023,08,"Carne de res, lomo fino",n.d.
2023,08,Pechuga de pollo,13540
2023,08,Aceite vegetal mezcla**,12797
2023,08,Azúcar sulfitada,3860
2023,08,Galletas saladas,15281
2023,08,Harina de trigo,5027
2023,08,Harina precocida de maíz,5556
2023,08,Jugo instantáneo (sobre),33796
2023,08,Lomitos de atún en lata,31250
2023,08,Margarina,26550
2023,08,Panela*,5333
2023,08,Pastas alimenticias,7708
2023,08,Salsa de tomate doy pack,20949
2023,08,Sardinas en lata,14894
2023,09,Ahuyama,1031
2023,09,Arveja verde en vaina,4824
2023,09,Cebolla cabezona blanca,3779
2023,09,Cebolla junca,2635
2023,09,Chócolo mazorca,2003
2023,09,Habichuela,4870
2023,09,Lechuga Batavia,970
2023,09,Pepino cohombro,1937
2023,09,Pimentón,2091
2023,09,Remolacha,975
2023,09,Tomate*,4731
2023,09,Zanahoria,1489
2023,09,Aguacate papelillo,7232
2023,09,Banano*,1665
2023,09,Coco,4196
2023,09,Granadilla,6333
2023,09,Guayaba pera,2343
2023,09,Limón Tahití,3322
2023,09,Lulo,3583
2023,09,Mandarina*,2554
2023,09,Mango Tommy,8199
2023,09,Manzana verde importada,11894
2023,09,Maracuyá,4157
2023,09,Mora de Castilla,4213
2023,09,Naranja Valencia,n.d.
2023,09,Papaya*,2001
2023,09,Piña *,2544
2023,09,Tomate de árbol,2453
2023,09,Uva red globe nacional,9528
2023,09,Arracacha*,3438
2023,09,Papa negra*,1500
2023,09,Papa criolla limpia,2970
2023,09,Plátano hartón verde,1840
2023,09,Yuca*,1445
2023,09,Arroz de primera,3843
2023,09,Arveja verde seca importada,4673
2023,09,Fríjol seco*,9575
2023,09,Garbanzo importado,n.d.
2023,09,Lenteja importada,5983
2023,09,Maíz blanco trillado,2710
2023,09,Huevo tipo AA**,561
2023,09,Queso cuajada,11792
2023,09,"Carne de cerdo, lomo sin hueso",24831
2023,09,"Carne de res, lomo fino",n.d.
2023,09,Pechuga de pollo,13700
2023,09,Aceite vegetal mezcla**,11955
2023,09,Azúcar sulfitada,3823
2023,09,Galletas saladas,15046
2023,09,Harina de trigo,5067
2023,09,Harina precocida de maíz,5556
2023,09,Jugo instantáneo (sobre),33102
2023,09,Lomitos de atún en lata,30739
2023,09,Margarina,26667
2023,09,Panela*,5448
2023,09,Pastas alimenticias,7708
2023,09,Salsa de tomate doy pack,20891
2023,09,Sardinas en lata,14869
2023,10,Ahuyama,1133
2023,10,Arveja verde en vaina,2844
2023,10,Cebolla cabezona blanca,2269
2023,10,Cebolla junca,2037
2023,10,Chócolo mazorca,2063
2023,10,Habichuela,4723
2023,10,Lechuga Batavia,918
2023,10,Pepino cohombro,2032
2023,10,Pimentón,3179
2023,10,Remolacha,1314
2023,10,Tomate*,4096
2023,10,Zanahoria,1421
2023,10,Aguacate papelillo,8334
2023,10,Banano*,1659
2023,10,Coco,4319
2023,10,Granadilla,5452
2023,10,Guayaba pera,2502
2023,10,Limón Tahití,3444
2023,10,Lulo,3871
2023,10,Mandarina*,2920
2023,10,Mango Tommy,7978
2023,10,Manzana verde importada,11654
2023,10,Maracuyá,3678
2023,10,Melón Cantalup,2496
2023,10,Mora de Castilla,4550
2023,10,Naranja Valencia,n.d.
2023,10,Papaya*,1788
2023,10,Piña *,3402
2023,10,Tomate de árbol,2396
2023,10,Uva red globe nacional,8679
2023,10,Arracacha*,3517
2023,10,Papa negra*,2180
2023,10,Papa criolla limpia,2742
2023,10,Plátano hartón verde,1990
2023,10,Yuca*,1343
2023,10,Arroz de primera,3856
2023,10,Arveja verde seca importada,4624
2023,10,Fríjol seco*,8560
2023,10,Garbanzo importado,n.d.
2023,10,Lenteja importada,6427
2023,10,Maíz blanco trillado,2460
2023,10,Huevo tipo AA**,597
2023,10,Queso cuajada,11787
2023,10,"Carne de cerdo, lomo sin hueso",24385
2023,10,"Carne de res, sobrebarriga",29115
2023,10,Pechuga de pollo,13610
2023,10,Aceite vegetal mezcla**,12059
2023,10,Azúcar sulfitada,3828
2023,10,Galletas saladas,15191
2023,10,Harina de trigo,5120
2023,10,Harina precocida de maíz,5472
2023,10,Jugo instantáneo (sobre),33796
2023,10,Lomitos de atún en lata,30842
2023,10,Margarina,26333
2023,10,Panela*,5381
2023,10,Pastas alimenticias,7778
2023,10,Salsa de tomate doy pack,20463
2023,10,Sardinas en lata,14101
2023,11,Ahuyama,1509
2023,11,Arveja verde en vaina,3133
2023,11,Cebolla cabezona blanca,2271
2023,11,Cebolla junca,1233
2023,11,Chócolo mazorca,1454
2023,11,Habichuela,2905
2023,11,Lechuga Batavia,961
2023,11,Pepino cohombro,1643
2023,11,Pimentón,4108
2023,11,Remolacha,1266
2023,11,Tomate*,3072
2023,11,Zanahoria,1441
2023,11,Aguacate papelillo,8100
2023,11,Banano*,1664
2023,11,Coco,4227
2023,11,Granadilla,5315
2023,11,Guayaba pera,2411
2023,11,Limón Tahití,1754
2023,11,Lulo,3711
2023,11,Mandarina*,2250
2023,11,Mango Tommy,4530
2023,11,Manzana verde importada,11204
2023,11,Maracuyá,3604
2023,11,Mora de Castilla,4800
2023,11,Naranja*,950
2023,11,Papaya*,1558
2023,11,Piña *,3263
2023,11,Tomate de árbol,1692
2023,11,Uva red globe nacional,7587
2023,11,Arracacha*,3519
2023,11,Papa negra*,2017
2023,11,Papa criolla limpia,2844
2023,11,Plátano hartón verde,2561
2023,11,Yuca*,1289
2023,11,Arroz de primera,3845
2023,11,Arveja verde seca importada,4467
2023,11,Fríjol seco*,7800
2023,11,Garbanzo importado,n.d.
2023,11,Lenteja importada,6433
2023,11,Maíz blanco trillado,2375
2023,11,Huevo tipo AA**,583
2023,11,Queso costeño,18375
2023,11,"Carne de cerdo, lomo sin hueso",24838
2023,11,"Carne de res, sobrebarriga",28950
2023,11,Pechuga de pollo,13175
2023,11,Aceite vegetal mezcla**,11804
2023,11,Azúcar sulfitada,4392
2023,11,Chocolate dulce,n.d.
2023,11,Galletas saladas,15017
2023,11,Harina de trigo,5033
2023,11,Harina precocida de maíz,5330
2023,11,Jugo instantáneo (sobre),34606
2023,11,Lomitos de atún en lata,30586
2023,11,Margarina,26292
2023,11,Panela*,5340
2023,11,Pastas alimenticias,7396
2023,11,Salsa de tomate doy pack,20891
2023,11,Sardinas en lata,13828
2023,12,Ahuyama,1589
2023,12,Arveja verde en vaina,5146
2023,12,Cebolla cabezona blanca,2304
2023,12,Cebolla junca,1928
2023,12,Chócolo mazorca,923
2023,12,Habichuela,2413
2023,12,Lechuga Batavia,1140
2023,12,Pepino cohombro,1069
2023,12,Pimentón,2911
2023,12,Remolacha,1611
2023,12,Tomate*,3751
2023,12,Zanahoria,2068
2023,12,Aguacate papelillo,9539
2023,12,Banano*,1571
2023,12,Coco,4301
2023,12,Granadilla,6512
2023,12,Guayaba pera,2428
2023,12,Limón Tahití,1327
2023,12,Lulo,3436
2023,12,Mandarina*,2730
2023,12,Mango Tommy,2352
2023,12,Manzana verde importada,9939
2023,12,Maracuyá,3019
2023,12,Mora de Castilla,5300
2023,12,Naranja*,1177
2023,12,Papaya*,1392
2023,12,Piña *,3369
2023,12,Tomate de árbol,1250
2023,12,Uva red globe nacional,8311
2023,12,Arracacha*,3011
2023,12,Papa negra*,1892
2023,12,Papa criolla limpia,3011
2023,12,Plátano hartón verde,2214
2023,12,Yuca*,1180
2023,12,Arroz de primera,3860
2023,12,Arveja verde seca importada,4547
2023,12,Fríjol seco*,7583
2023,12,Garbanzo importado,-
2023,12,Lenteja importada,6650
2023,12,Maíz blanco trillado,2342
2023,12,Huevo tipo AA**,578
2023,12,Queso costeño,21333
2023,12,"Carne de cerdo, pernil sin hueso",22465
2023,12,"Carne de res, lomo fino",-
2023,12,Pechuga de pollo,13395
2023,12,Aceite vegetal mezcla**,12205
2023,12,Azúcar sulfitada,4475
2023,12,Galletas saladas,15817
2023,12,Harina de trigo,5227
2023,12,Harina precocida de maíz,5347
2023,12,Jugo instantáneo (sobre),34838
2023,12,Lomitos de atún en lata,30076
2023,12,Margarina,26458
2023,12,Panela*,5458
2023,12,Pastas alimenticias,7708
2023,12,Salsa de tomate doy pack,21123
2023,12,Sardinas en lata,14175
2024,01,Ahuyama,1269
2024,01,Arveja verde en vaina,4952
2024,01,Cebolla cabezona blanca,1926
2024,01,Cebolla junca,2232
2024,01,Chócolo mazorca,1603
2024,01,Habichuela,3858
2024,01,Lechuga Batavia,1310
2024,01,Pepino cohombro,1670
2024,01,Pimentón,2159
2024,01,Remolacha,1948
2024,01,Tomate*,3220
2024,01,Zanahoria,2366
2024,01,Aguacate papelillo,10551
2024,01,Banano*,1688
2024,01,Coco,4237
2024,01,Granadilla,7690
2024,01,Guayaba pera,2660
2024,01,Limón Tahití,1334
2024,01,Lulo,3695
2024,01,Mandarina*,3350
2024,01,Mango Tommy,2692
2024,01,Manzana verde importada,9102
2024,01,Maracuyá,3098
2024,01,Mora de Castilla,5279
2024,01,Naranja*,1470
2024,01,Papaya*,1398
2024,01,Piña *,3613
2024,01,Tomate de árbol,1613
2024,01,Uva red globe nacional,8165
2024,01,Arracacha*,2675
2024,01,Papa negra*,1656
2024,01,Papa criolla limpia,2656
2024,01,Plátano hartón verde,2005
2024,01,Yuca*,1078
2024,01,Arroz de primera,3888
2024,01,Arveja verde seca importada,4421
2024,01,Fríjol seco*,7560
2024,01,Garbanzo importado,n.d.
2024,01,Lenteja importada,7027
2024,01,Maíz blanco trillado,2320
2024,01,Huevo tipo A**,485
2024,01,Queso costeño,21667
2024,01,"Carne de cerdo, pernil sin hueso",23163
2024,01,"Carne de res, falda",18250
2024,01,Pechuga de pollo,13625
2024,01,Aceite vegetal mezcla**,12158
2024,01,Azúcar sulfitada,4067
2024,01,Galletas saladas,16125
2024,01,Gelatina,42937
2024,01,Harina de trigo,5264
2024,01,Harina precocida de maíz,5406
2024,01,Jugo instantáneo (sobre),35463
2024,01,Lomitos de atún en lata,30882
2024,01,Margarina,26267
2024,01,Panela*,5611
2024,01,Pastas alimenticias,7708
2024,01,Salsa de tomate doy pack,21157
2024,01,Sardinas en lata,14984
2024,02,Ahuyama,900
2024,02,Arveja verde en vaina,5059
2024,02,Cebolla cabezona blanca,1803
2024,02,Cebolla junca,2067
2024,02,Chócolo mazorca,1803
2024,02,Habichuela,5591
2024,02,Lechuga Batavia,1910
2024,02,Pepino cohombro,1859
2024,02,Pimentón,2081
2024,02,Remolacha,2208
2024,02,Tomate*,3534
2024,02,Zanahoria,2987
2024,02,Aguacate papelillo,11046
2024,02,Banano*,1680
2024,02,Coco,4103
2024,02,Granadilla,9963
2024,02,Guayaba pera,2257
2024,02,Limón Tahití,1360
2024,02,Lulo,4536
2024,02,Mandarina*,4356
2024,02,Mango Tommy,3806
2024,02,Manzana verde importada,9186
2024,02,Maracuyá,4089
2024,02,Mora de Castilla,5011
2024,02,Naranja*,1645
2024,02,Papaya*,1719
2024,02,Piña *,3444
2024,02,Tomate de árbol,1816
2024,02,Uva red globe nacional,6778
2024,02,Arracacha*,2203
2024,02,Papa negra*,1464
2024,02,Papa criolla limpia,2203
2024,02,Plátano hartón verde,1711
2024,02,Yuca*,916
2024,02,Arroz de primera,3960
2024,02,Arveja verde seca importada,4360
2024,02,Fríjol seco*,7567
2024,02,Garbanzo importado,n.d.
2024,02,Lenteja importada,6767
2024,02,Maíz blanco trillado,2275
2024,02,Huevo tipo AA**,489
2024,02,Queso costeño,19792
2024,02,"Carne de cerdo, brazo sin hueso",22188
2024,02,"Carne de res, bola de pierna",29994
2024,02,Pechuga de pollo,13800
2024,02,Aceite vegetal mezcla**,12354
2024,02,Azúcar sulfitada,4020
2024,02,Galletas saladas,16223
2024,02,Harina de trigo,5147
2024,02,Harina precocida de maíz,5389
2024,02,Jugo instantáneo (sobre),35417
2024,02,Lomitos de atún en lata,30127
2024,02,Margarina,26208
2024,02,Panela*,5503
2024,02,Pastas alimenticias,7274
2024,02,Salsa de tomate doy pack,21123
2024,02,Sardinas en lata,15339
2024,03,Ahuyama,918
2024,03,Arveja verde en vaina,3108
2024,03,Cebolla cabezona blanca,1421
2024,03,Cebolla junca,2245
2024,03,Chócolo mazorca,1996
2024,03,Habichuela,5202
2024,03,Lechuga Batavia,1951
2024,03,Pepino cohombro,1269
2024,03,Pimentón,1989
2024,03,Remolacha,2083
2024,03,Tomate*,2957
2024,03,Zanahoria,3596
2024,03,Aguacate papelillo,11086
2024,03,Banano*,1953
2024,03,Coco,4078
2024,03,Granadilla,7833
2024,03,Guayaba pera,2333
2024,03,Limón Tahití,1801
2024,03,Lulo,4022
2024,03,Mandarina*,5226
2024,03,Mango Tommy,5340
2024,03,Manzana verde importada,8777
2024,03,Maracuyá,5309
2024,03,Mora de Castilla,5321
2024,03,Naranja*,1694
2024,03,Papaya*,1590
2024,03,Pera importada,7777
2024,03,Piña *,4017
2024,03,Tomate de árbol,2614
2024,03,Uva red globe nacional,6929
2024,03,Arracacha*,2239
2024,03,Papa negra*,1538
2024,03,Papa criolla limpia,2375
2024,03,Plátano hartón verde,1988
2024,03,Yuca*,940
2024,03,Arroz de primera,3930
2024,03,Arveja verde seca importada,4260
2024,03,Fríjol seco*,7367
2024,03,Garbanzo importado,n.d.
2024,03,Lenteja importada,6350
2024,03,Maíz blanco trillado,2225
2024,03,Huevo tipo AA**,506
2024,03,Queso doble crema,18667
2024,03,"Carne de cerdo, brazo sin hueso",21881
2024,03,"Carne de res, bola de pierna",29619
2024,03,Pechuga de pollo,13850
2024,03,Tilapia roja entera fresca,n.d.
2024,03,Aceite vegetal mezcla**,11431
2024,03,Azúcar sulfitada,3833
2024,03,Galletas saladas,16164
2024,03,Harina de trigo,4970
2024,03,Harina precocida de maíz,5212
2024,03,Jugo instantáneo (sobre),35185
2024,03,Lomitos de atún en lata,29616
2024,03,Margarina,25833
2024,03,Panela*,5559
2024,03,Pastas alimenticias,7448
2024,03,Salsa de tomate doy pack,21123
2024,03,Sardinas en lata,14951
2024,04,Ahuyama,953
2024,04,Arveja verde en vaina,4107
2024,04,Cebolla cabezona blanca,1592
2024,04,Cebolla junca,2037
2024,04,Chócolo mazorca,2153
2024,04,Habichuela,3841
2024,04,Lechuga Batavia,1560
2024,04,Pepino cohombro,857
2024,04,Pimentón,2327
2024,04,Remolacha,2071
2024,04,Tomate*,3467
2024,04,Zanahoria,3196
2024,04,Aguacate papelillo,11801
2024,04,Banano*,2153
2024,04,Coco,4014
2024,04,Granadilla,5929
2024,04,Guayaba pera,2433
2024,04,Limón Tahití,2212
2024,04,Lulo,4750
2024,04,Mandarina*,5343
2024,04,Mango Tommy,4613
2024,04,Manzana verde importada,8285
2024,04,Maracuyá,5437
2024,04,Mora de Castilla,6330
2024,04,Naranja*,1464
2024,04,Papaya*,1522
2024,04,Piña *,3145
2024,04,Tomate de árbol,3607
2024,04,Uva red globe nacional,7694
2024,04,Arracacha*,2542
2024,04,Papa negra*,1763
2024,04,Papa criolla limpia,3100
2024,04,Plátano hartón verde,2361
2024,04,Yuca*,820
2024,04,Arroz de primera,3970
2024,04,Arveja verde seca importada,4421
2024,04,Fríjol seco*,7733
2024,04,Garbanzo importado,n.d.
2024,04,Lenteja importada,6800
2024,04,Maíz blanco trillado,2100
2024,04,Huevo tipo A**,466
2024,04,Leche en polvo,46528
2024,04,Queso costeño,18200
2024,04,"Carne de cerdo, brazo sin hueso",21785
2024,04,"Carne de res, lomo fino",n.d.
2024,04,Pechuga de pollo,13980
2024,04,Aceite vegetal mezcla**,11122
2024,04,Azúcar sulfitada,3843
2024,04,Galletas saladas,16094
2024,04,Harina de trigo,4877
2024,04,Harina precocida de maíz,5081
2024,04,Jugo instantáneo (sobre),35278
2024,04,Lomitos de atún en lata,29085
2024,04,Margarina,25833
2024,04,Panela*,5558
2024,04,Pastas alimenticias,7583
2024,04,Salsa de tomate doy pack,20972
2024,04,Sardinas en lata,14526
2024,05,Ahuyama,1019
2024,05,Arveja verde en vaina,5271
2024,05,Cebolla cabezona blanca,2128
2024,05,Cebolla junca,2044
2024,05,Chócolo mazorca,1397
2024,05,Habichuela,3693
2024,05,Lechuga Batavia,1362
2024,05,Pepino cohombro,1810
2024,05,Pimentón,3324
2024,05,Remolacha,1406
2024,05,Tomate*,3078
2024,05,Zanahoria,2792
2024,05,Aguacate papelillo,6817
2024,05,Banano*,2445
2024,05,Coco,3932
2024,05,Granadilla,6920
2024,05,Guayaba pera,3178
2024,05,Limón Tahití,2104
2024,05,Lulo,5152
2024,05,Mandarina*,4248
2024,05,Mango Tommy,4126
2024,05,Manzana verde importada,7936
2024,05,Maracuyá,3931
2024,05,Mora de Castilla,5979
2024,05,Naranja*,1139
2024,05,Papaya*,1391
2024,05,Piña *,2899
2024,05,Tomate de árbol,3781
2024,05,Uva red globe nacional,8667
2024,05,Arracacha*,2177
2024,05,Papa negra*,2414
2024,05,Papa criolla limpia,3991
2024,05,Plátano hartón verde,2506
2024,05,Yuca*,796
2024,05,Arroz de primera,3990
2024,05,Arveja verde seca importada,4687
2024,05,Fríjol seco*,7650
2024,05,Garbanzo importado,n.d.
2024,05,Lenteja importada,6800
2024,05,Maíz blanco trillado,2067
2024,05,Huevo tipo AA**,521
2024,05,Queso costeño,20625
2024,05,"Carne de cerdo, brazo sin hueso",22000
2024,05,"Carne de res, lomo fino",n.d.
2024,05,Pollo entero congelado sin vísceras,10869
2024,05,Aceite vegetal mezcla**,11007
2024,05,Azúcar sulfitada,3892
2024,05,Chocolate dulce,n.d.
2024,05,Galletas saladas,16390
2024,05,Harina de trigo,4667
2024,05,Harina precocida de maíz,4854
2024,05,Jugo instantáneo (sobre),35417
2024,05,Lomitos de atún en lata,28033
2024,05,Margarina,25375
2024,05,Panela*,5556
2024,05,Pastas alimenticias,7622
2024,05,Salsa de tomate doy pack,20833
2024,05,Sardinas en lata,14024
2024,06,Ahuyama,1207
2024,06,Arveja verde en vaina,5842
2024,06,Cebolla cabezona blanca,4384
2024,06,Cebolla junca,2022
2024,06,Chócolo mazorca,979
2024,06,Habichuela,2687
2024,06,Lechuga Batavia,1429
2024,06,Pepino cohombro,2222
2024,06,Pimentón,4416
2024,06,Remolacha,1102
2024,06,Tomate*,2934
2024,06,Zanahoria,3121
2024,06,Aguacate papelillo,4617
2024,06,Banano*,2338
2024,06,Coco,3884
2024,06,Granadilla,9046
2024,06,Guayaba pera,3071
2024,06,Limón Tahití,1389
2024,06,Lulo,5241
2024,06,Mandarina*,2808
2024,06,Mango Tommy,2831
2024,06,Manzana verde importada,7988
2024,06,Maracuyá,3473
2024,06,Mora de Castilla,5204
2024,06,Naranja*,1188
2024,06,Papaya*,1577
2024,06,Piña *,2723
2024,06,Tomate de árbol,3977
2024,06,Uva red globe nacional,8244
2024,06,Arracacha*,1683
2024,06,Papa negra*,2775
2024,06,Papa criolla limpia,4091
2024,06,Plátano hartón verde,2356
2024,06,Yuca*,766
2024,06,Arroz de primera,3978
2024,06,Arveja verde seca importada,4573
2024,06,Fríjol seco*,7483
2024,06,Garbanzo importado,n.d.
2024,06,Lenteja importada,6400
2024,06,Maíz blanco trillado,2200
2024,06,Huevo tipo AA**,529
2024,06,Queso costeño,19917
2024,06,"Carne de cerdo, brazo sin hueso",21013
2024,06,"Carne de res, lomo fino",n.d.
2024,06,Alas de pollo con costillar,8688
2024,06,Aceite vegetal mezcla**,11240
2024,06,Azúcar sulfitada,3870
2024,06,Chocolate dulce,n.d.
2024,06,Galletas saladas,16576
2024,06,Harina de trigo,4590
2024,06,Harina precocida de maíz,4875
2024,06,Jugo instantáneo (sobre),36806
2024,06,Lomitos de atún en lata,27829
2024,06,Margarina,26250
2024,06,Panela*,5517
2024,06,Pastas alimenticias,7778
2024,06,Salsa de tomate doy pack,21354
2024,06,Sardinas en lata,14134
2024,07,Ahuyama,1293
2024,07,Apio,5499
2024,07,Arveja verde en vaina,5499
2024,07,Cebolla cabezona blanca,3898
2024,07,Cebolla junca,2240
2024,07,Chócolo mazorca,895
2024,07,Habichuela,2898
2024,07,Lechuga Batavia,1032
2024,07,Pepino cohombro,1148
2024,07,Pimentón,4013
2024,07,Remolacha,1318
2024,07,Repollo blanco,819
2024,07,Tomate*,2613
2024,07,Zanahoria,3019
2024,07,Aguacate papelillo,4800
2024,07,Banano*,2186
2024,07,Coco,3818
2024,07,Granadilla,9135
2024,07,Guayaba pera,2700
2024,07,Limón Tahití,962
2024,07,Lulo,4823
2024,07,Mandarina*,2490
2024,07,Mango Tommy,2726
2024,07,Manzana verde importada,8489
2024,07,Maracuyá,3359
2024,07,Mora de Castilla,4824
2024,07,Naranja*,1334
2024,07,Papaya*,1800
2024,07,Piña *,2444
2024,07,Tomate de árbol,3214
2024,07,Uva red globe nacional,9792
2024,07,Arracacha*,1284
2024,07,Papa negra*,3199
2024,07,Papa criolla limpia,3245
2024,07,Plátano hartón verde,1966
2024,07,Yuca*,958
2024,07,Arroz de primera,3979
2024,07,Arveja verde seca importada,4501
2024,07,Fríjol seco*,7573
2024,07,Garbanzo importado,n.d.
2024,07,Lenteja importada,6453
2024,07,Maíz blanco trillado,2307
2024,07,Huevo tipo AA**,516
2024,07,Queso costeño,18600
2024,07,"Carne de cerdo, costilla",22415
2024,07,"Carne de res, lomo fino",n.d.
2024,07,Pechuga de pollo,13960
2024,07,"Tilapia, filete congelado",21333
2024,07,Aceite vegetal mezcla**,10906
2024,07,Azúcar sulfitada,3812
2024,07,Galletas saladas,16659
2024,07,Harina de trigo,4512
2024,07,Harina precocida de maíz,4900
2024,07,Jugo instantáneo (sobre),36944
2024,07,Lomitos de atún en lata,27737
2024,07,Margarina,26187
2024,07,Panela*,5508
2024,07,Pastas alimenticias,7583
2024,07,Salsa de tomate doy pack,21250
2024,07,Sardinas en lata,13905
2024,08,Ahuyama,1156
2024,08,Arveja verde en vaina,4796
2024,08,Cebolla cabezona blanca,2432
2024,08,Cebolla junca,2269
2024,08,Chócolo mazorca,1315
2024,08,Fríjol verde*,3012
2024,08,Habichuela,4201
2024,08,Lechuga Batavia,924
2024,08,Pepino cohombro,2140
2024,08,Pimentón,2447
2024,08,Remolacha,1958
2024,08,Tomate*,2669
2024,08,Zanahoria,2919
2024,08,Aguacate papelillo,6521
2024,08,Banano*,2181
2024,08,Coco,3882
2024,08,Granadilla,8123
2024,08,Guayaba pera,1854
2024,08,Limón Tahití,1294
2024,08,Lulo,4259
2024,08,Mandarina*,3033
2024,08,Mango Tommy,6208
2024,08,Manzana verde importada,8743
2024,08,Maracuyá,3594
2024,08,Mora de Castilla,4448
2024,08,Naranja*,1480
2024,08,Papaya*,1960
2024,08,Piña *,2478
2024,08,Tomate de árbol,2271
2024,08,Uva red globe nacional,10039
2024,08,Arracacha*,1137
2024,08,Papa negra*,2535
2024,08,Papa criolla limpia,2698
2024,08,Plátano hartón verde,1795
2024,08,Yuca*,979
2024,08,Arroz de primera,3986
2024,08,Arveja verde seca importada,4687
2024,08,Fríjol seco*,7567
2024,08,Garbanzo importado,n.d.
2024,08,Lenteja importada,7042
2024,08,Maíz blanco trillado,2317
2024,08,Huevo tipo A**,443
2024,08,Queso costeño,18458
2024,08,"Carne de cerdo, costilla",22438
2024,08,"Carne de res, lomo fino",n.d.
2024,08,Pechuga de pollo,13900
2024,08,Bocachico importado congelado,13517
2024,08,Aceite vegetal mezcla**,11111
2024,08,Azúcar sulfitada,3785
2024,08,Galletas saladas,17341
2024,08,Harina de trigo,4513
2024,08,Harina precocida de maíz,4983
2024,08,Jugo instantáneo (sobre),36806
2024,08,Lomitos de atún en lata,27574
2024,08,Margarina,26167
2024,08,Panela*,5635
2024,08,Pastas alimenticias,7778
2024,08,Salsa de tomate doy pack,21412
2024,08,Sardinas en lata,13664
2024,09,Ahuyama,969
2024,09,Arveja verde en vaina,3831
2024,09,Cebolla cabezona blanca,1914
2024,09,Cebolla junca,2118
2024,09,Chócolo mazorca,1103
2024,09,Fríjol verde*,3829
2024,09,Habichuela,4935
2024,09,Lechuga Batavia,1068
2024,09,Pepino cohombro,2110
2024,09,Pimentón,2641
2024,09,Remolacha,2844
2024,09,Tomate*,1905
2024,09,Zanahoria,2716
2024,09,Aguacate papelillo,9589
2024,09,Banano*,2196
2024,09,Coco,3970
2024,09,Granadilla,7682
2024,09,Guayaba pera,1909
2024,09,Limón Tahití,2698
2024,09,Lulo,4190
2024,09,Mandarina*,4191
2024,09,Mango Tommy,8611
2024,09,Manzana verde importada,8872
2024,09,Maracuyá,3868
2024,09,Mora de Castilla,3122
2024,09,Naranja*,1703
2024,09,Papaya*,2040
2024,09,Piña *,3274
2024,09,Tomate de árbol,2108
2024,09,Uva red globe nacional,8343
2024,09,Arracacha*,1022
2024,09,Papa negra*,2128
2024,09,Papa criolla limpia,2771
2024,09,Plátano hartón verde,1777
2024,09,Yuca*,987
2024,09,Arroz de primera,3878
2024,09,Arveja verde seca importada,4635
2024,09,Fríjol seco*,7760
2024,09,Garbanzo importado,n.d.
2024,09,Lenteja importada,7373
2024,09,Maíz blanco trillado,2393
2024,09,Huevo tipo AA**,523
2024,09,Queso costeño,18733
2024,09,"Carne de cerdo, costilla",23156
2024,09,"Carne de res, lomo fino",n.d.
2024,09,Pechuga de pollo,14375
2024,09,Aceite vegetal mezcla**,11256
2024,09,Azúcar sulfitada,3727
2024,09,Galletas saladas,17185
2024,09,Harina de trigo,4560
2024,09,Harina precocida de maíz,4875
2024,09,Jugo instantáneo (sobre),37963
2024,09,Lomitos de atún en lata,28881
2024,09,Margarina,26307
2024,09,Panela*,5656
2024,09,Pastas alimenticias,7778
2024,09,Salsa de tomate doy pack,22176
2024,09,Sardinas en lata,14199
2024,10,Ahuyama,954
2024,10,Arveja verde en vaina,2759
2024,10,Cebolla cabezona blanca,1571
2024,10,Cebolla junca,1630
2024,10,Chócolo mazorca,1931
2024,10,Fríjol verde*,4413
2024,10,Habichuela,5394
2024,10,Lechuga Batavia,844
2024,10,Pepino cohombro,1307
2024,10,Pimentón,3366
2024,10,Remolacha,2230
2024,10,Tomate*,2136
2024,10,Zanahoria,2745
2024,10,Aguacate papelillo,11763
2024,10,Banano*,1993
2024,10,Coco,4011
2024,10,Granadilla,6370
2024,10,Guayaba pera,1855
2024,10,Limón Tahití,3193
2024,10,Lulo,4135
2024,10,Mandarina*,4199
2024,10,Mango Tommy,5600
2024,10,Manzana verde importada,8769
2024,10,Maracuyá,4130
2024,10,Mora de Castilla,3211
2024,10,Naranja*,1577
2024,10,Papaya*,1966
2024,10,Piña *,2664
2024,10,Tomate de árbol,2401
2024,10,Uva red globe nacional,7196
2024,10,Arracacha*,820
2024,10,Papa negra*,1722
2024,10,Papa criolla limpia,3469
2024,10,Plátano hartón verde,2487
2024,10,Yuca*,1002
2024,10,Arroz de primera,3782
2024,10,Arveja verde seca importada,4533
2024,10,Fríjol seco*,7125
2024,10,Garbanzo importado,n.d.
2024,10,Lenteja importada,6700
2024,10,Maíz blanco trillado,2433
2024,10,Huevo tipo AA**,499
2024,10,Queso costeño,18667
2024,10,"Carne de cerdo, costilla",23310
2024,10,"Carne de res, lomo fino",n.d.
2024,10,Pechuga de pollo,14410
2024,10,Tilapia roja entera fresca,n.d.
2024,10,Aceite vegetal mezcla**,11024
2024,10,Azúcar sulfitada,3530
2024,10,Galletas saladas,16675
2024,10,Harina de trigo,4667
2024,10,Harina precocida de maíz,4722
2024,10,Jugo instantáneo (sobre),38194
2024,10,Lomitos de atún en lata,30535
2024,10,Margarina,25625
2024,10,Panela*,5833
2024,10,Pastas alimenticias,7743
2024,10,Salsa de tomate doy pack,22222
2024,10,Sardinas en lata,14542
2024,11,Ahuyama,1115
2024,11,Arveja verde en vaina,2977
2024,11,Cebolla cabezona blanca,1871
2024,11,Cebolla junca,1276
2024,11,Chócolo mazorca,1187
2024,11,Fríjol verde*,4466
2024,11,Habichuela,3985
2024,11,Lechuga Batavia,756
2024,11,Pepino cohombro,1747
2024,11,Pimentón,4656
2024,11,Remolacha,1233
2024,11,Tomate*,2446
2024,11,Zanahoria,2700
2024,11,Aguacate papelillo,9953
2024,11,Banano*,2364
2024,11,Coco,4256
2024,11,Granadilla,5500
2024,11,Guayaba pera,2739
2024,11,Limón Tahití,2624
2024,11,Lulo,4468
2024,11,Mandarina*,4170
2024,11,Mango Tommy,2350
2024,11,Manzana verde importada,8714
2024,11,Maracuyá,4025
2024,11,Mora de Castilla,4223
2024,11,Naranja*,1630
2024,11,Papaya*,1790
2024,11,Piña *,2891
2024,11,Tomate de árbol,2366
2024,11,Uva red globe nacional,8550
2024,11,Arracacha*,806
2024,11,Papa negra*,1639
2024,11,Papa criolla limpia,3830
2024,11,Plátano hartón verde,2728
2024,11,Yuca*,1028
2024,11,Arroz de primera,3745
2024,11,Arveja verde seca importada,4607
2024,11,Fríjol seco*,6867
2024,11,Garbanzo importado,n.d.
2024,11,Lenteja importada,6500
2024,11,Maíz blanco trillado,2467
2024,11,Huevo tipo AA**,503
2024,11,Queso costeño,19625
2024,11,"Carne de cerdo, pernil sin hueso",22956
2024,11,"Carne de res, lomo fino",n.d.
2024,11,Pechuga de pollo,14550
2024,11,Aceite vegetal mezcla**,10920
2024,11,Azúcar sulfitada,3483
2024,11,Galletas saladas,16596
2024,11,Harina de trigo,4797
2024,11,Harina precocida de maíz,4774
2024,11,Jugo instantáneo (sobre),38310
2024,11,Lomitos de atún en lata,29871
2024,11,Margarina,25542
2024,11,Panela*,5875
2024,11,Pastas alimenticias,7778
2024,11,Salsa de tomate doy pack,22106
2024,11,Sardinas en lata,14318
2024,12,Ahuyama,1241
2024,12,Arveja verde en vaina,3992
2024,12,Cebolla cabezona blanca,1702
2024,12,Cebolla junca,1547
2024,12,Chócolo mazorca,1109
2024,12,Fríjol verde*,4209
2024,12,Habichuela,1828
2024,12,Lechuga Batavia,935
2024,12,Pepino cohombro,1025
2024,12,Pimentón,3862
2024,12,Remolacha,1050
2024,12,Tomate*,2751
2024,12,Zanahoria,2808
2024,12,Aguacate papelillo,8443
2024,12,Banano*,2523
2024,12,Coco,5431
2024,12,Granadilla,6828
2024,12,Guayaba pera,2663
2024,12,Limón Tahití,1485
2024,12,Lulo,4121
2024,12,Mandarina*,3478
2024,12,Mango Tommy,1845
2024,12,Manzana verde importada,8769
2024,12,Maracuyá,3441
2024,12,Mora de Castilla,5433
2024,12,Naranja*,1477
2024,12,Papaya*,1991
2024,12,Piña *,2509
2024,12,Tomate de árbol,2239
2024,12,Uva red globe nacional,11792
2024,12,Arracacha*,871
2024,12,Papa negra*,1713
2024,12,Papa criolla limpia,3072
2024,12,Plátano hartón verde,2682
2024,12,Yuca*,1154
2024,12,Arroz de primera,3752
2024,12,Arveja verde seca importada,4448
2024,12,Fríjol seco*,7493
2024,12,Garbanzo importado,n.d.
2024,12,Lenteja importada,7080
2024,12,Maíz blanco trillado,2583
2024,12,Huevo tipo AA**,484
2024,12,Queso costeño,21000
2024,12,"Carne de cerdo, pernil sin hueso",22655
2024,12,"Carne de res, lomo fino",n.d.
2024,12,Pechuga de pollo,14480
2024,12,Aceite vegetal mezcla**,10864
2024,12,Azúcar sulfitada,3360
2024,12,Galletas saladas,16792
2024,12,Harina de trigo,4891
2024,12,Harina precocida de maíz,4775
2024,12,Jugo instantáneo (sobre),38889
2024,12,Lomitos de atún en lata,28391
2024,12,Margarina,26233
2024,12,Panela*,5919
2024,12,Pastas alimenticias,7681
2024,12,Salsa de tomate doy pack,21898
2024,12,Sardinas en lata,14641
2025,01,Ahuyama,1250
2025,01,Arveja verde en vaina,4963
2025,01,Cebolla cabezona blanca,1646
2025,01,Cebolla junca,1927
2025,01,Chócolo mazorca,1815
2025,01,Fríjol verde*,4392
2025,01,Habichuela,3440
2025,01,Lechuga Batavia,1146
2025,01,Pepino cohombro,1823
2025,01,Pimentón,4308
2025,01,Remolacha,1143
2025,01,Tomate*,3977
2025,01,Zanahoria,2563
2025,01,Aguacate papelillo,7622
2025,01,Banano*,2607
2025,01,Coco,5407
2025,01,Granadilla,9254
2025,01,Guayaba pera,2355
2025,01,Limón Tahití,1409
2025,01,Lulo,4631
2025,01,Mandarina*,2916
2025,01,Mango Tommy,1774
2025,01,Manzana verde importada,8835
2025,01,Maracuyá,2566
2025,01,Mora de Castilla,5605
2025,01,Naranja*,1703
2025,01,Papaya*,2630
2025,01,Piña *,2263
2025,01,Tomate de árbol,2243
2025,01,Uva red globe nacional,12800
2025,01,Arracacha*,964
2025,01,Papa negra*,1426
2025,01,Papa criolla limpia,2017
2025,01,Plátano hartón verde,2120
2025,01,Yuca*,1392
2025,01,Arroz de primera,3723
2025,01,Arveja verde seca importada,4533
2025,01,Fríjol seco*,7708
2025,01,Garbanzo importado,n.d.
2025,01,Lenteja importada,7358
2025,01,Maíz blanco trillado,2525
2025,01,Huevo tipo AA**,479
2025,01,Queso costeño,22167
2025,01,"Carne de cerdo, lomo sin hueso",25456
2025,01,"Carne de res, lomo fino",n.d.
2025,01,Pechuga de pollo,14950
2025,01,Aceite vegetal mezcla**,10822
2025,01,Azúcar sulfitada,3108
2025,01,Galletas saladas,16949
2025,01,Harina de trigo,4717
2025,01,Harina precocida de maíz,4688
2025,01,Jugo instantáneo (sobre),39120
2025,01,Lomitos de atún en lata,26491
2025,01,Margarina,26167
2025,01,Panela*,6014
2025,01,Pastas alimenticias,7743
2025,01,Sal yodada,2247
2025,01,Salsa de tomate doy pack,22222
2025,01,Sardinas en lata,14788
2025,02,Ahuyama,1218
2025,02,Apio,1040
2025,02,Arveja verde en vaina,5944
2025,02,Cebolla cabezona blanca,1248
2025,02,Cebolla junca,2004
2025,02,Chócolo mazorca,2040
2025,02,Fríjol verde*,3194
2025,02,Habichuela,4488
2025,02,Lechuga Batavia,1784
2025,02,Pepino cohombro,1661
2025,02,Pimentón,4927
2025,02,Remolacha,1606
2025,02,Tomate*,4469
2025,02,Zanahoria,2168
2025,02,Aguacate papelillo,7644
2025,02,Banano*,2572
2025,02,Coco,5504
2025,02,Granadilla,9347
2025,02,Guayaba pera,1881
2025,02,Limón Tahití,1282
2025,02,Lulo,5309
2025,02,Mandarina*,3653
2025,02,Mango Tommy,3190
2025,02,Manzana verde importada,9156
2025,02,Maracuyá,3300
2025,02,Mora de Castilla,3379
2025,02,Naranja*,1500
2025,02,Papaya*,3789
2025,02,Piña *,2235
2025,02,Tomate de árbol,1537
2025,02,Uva red globe nacional,10390
2025,02,Arracacha*,875
2025,02,Papa negra*,1180
2025,02,Papa criolla limpia,1310
2025,02,Plátano hartón verde,1739
2025,02,Yuca*,1416
2025,02,Arroz de primera,3728
2025,02,Arveja verde seca importada,4540
2025,02,Fríjol seco*,7642
2025,02,Garbanzo importado,n.d.
2025,02,Lenteja importada,7167
2025,02,Maíz blanco trillado,2450
2025,02,Huevo tipo AA**,468
2025,02,Queso costeño,19917
2025,02,"Carne de cerdo, costilla",25994
2025,02,"Carne de res, lomo fino",n.d.
2025,02,Pechuga de pollo,15513
2025,02,Aceite vegetal mezcla**,10850
2025,02,Azúcar sulfitada,3017
2025,02,Café molido,34053
2025,02,Galletas saladas,16949
2025,02,Harina de trigo,4823
2025,02,Harina precocida de maíz,4667
2025,02,Jugo instantáneo (sobre),39699
2025,02,Lomitos de atún en lata,26757
2025,02,Margarina,26167
2025,02,Panela*,5899
2025,02,Pastas alimenticias,8021
2025,02,Sal yodada,2267
2025,02,Salsa de tomate doy pack,22335
2025,02,Sardinas en lata,14910
2025,03,Ahuyama,1208
2025,03,Arveja verde en vaina,6088
2025,03,Cebolla cabezona blanca,1418
2025,03,Cebolla junca,2402
2025,03,Chócolo mazorca,1984
2025,03,Fríjol verde*,4674
2025,03,Habichuela,5052
2025,03,Lechuga Batavia,1974
2025,03,Pepino cohombro,947
2025,03,Pimentón,3269
2025,03,Remolacha,1608
2025,03,Tomate*,4235
2025,03,Zanahoria,1469
2025,03,Aguacate papelillo,8514
2025,03,Banano*,2665
2025,03,Coco,5473
2025,03,Granadilla,8605
2025,03,Guayaba pera,1879
2025,03,Limón Tahití,1206
2025,03,Lulo,4796
2025,03,Mandarina*,3826
2025,03,Mango Tommy,4400
2025,03,Manzana verde importada,9430
2025,03,Maracuyá,3492
2025,03,Mora de Castilla,4039
2025,03,Naranja*,1200
2025,03,Papaya*,3443
2025,03,Piña *,2749
2025,03,Tomate de árbol,1426
2025,03,Uva red globe nacional,8172
2025,03,Arracacha*,869
2025,03,Papa negra*,1324
2025,03,Papa criolla limpia,1225
2025,03,Plátano hartón verde,1771
2025,03,Yuca*,1381
2025,03,Arroz de primera,3729
2025,03,Arveja verde seca importada,4533
2025,03,Fríjol seco*,7653
2025,03,Garbanzo importado,n.d.
2025,03,Lenteja importada,7040
2025,03,Maíz blanco trillado,2507
2025,03,Huevo tipo AA**,479
2025,03,Queso costeño,19100
2025,03,"Carne de cerdo, costilla",26550
2025,03,"Carne de res, bola de pierna",32025
2025,03,Pechuga de pollo,16000
2025,03,Aceite vegetal mezcla**,10833
2025,03,Azúcar sulfitada,3173
2025,03,Café molido,37136
2025,03,Galletas saladas,18534
2025,03,Harina de trigo,4240
2025,03,Harina precocida de maíz,4556
2025,03,Jugo instantáneo (sobre),39074
2025,03,Lomitos de atún en lata,26765
2025,03,Margarina,26233
2025,03,Panela*,6111
2025,03,Pastas alimenticias,8042
2025,03,Sal yodada,2285
2025,03,Salsa de tomate doy pack,22106
2025,03,Sardinas en lata,14869
2025,04,Ahuyama,1275
2025,04,Arveja verde en vaina,7167
2025,04,Cebolla cabezona blanca,2261
2025,04,Cebolla junca,2711
2025,04,Chócolo mazorca,1557
2025,04,Fríjol verde*,5389
2025,04,Habichuela,3339
2025,04,Lechuga Batavia,1950
2025,04,Pepino cohombro,962
2025,04,Pimentón,2751
2025,04,Remolacha,1799
2025,04,Tomate*,5198
2025,04,Zanahoria,1898
2025,04,Aguacate papelillo,9492
2025,04,Banano*,2862
2025,04,Coco,5359
2025,04,Granadilla,7542
2025,04,Guayaba pera,2181
2025,04,Limón Tahití,2485
2025,04,Lulo,4478
2025,04,Mandarina*,4149
2025,04,Mango Tommy,3058
2025,04,Manzana verde importada,9073
2025,04,Maracuyá,3720
2025,04,Mora de Castilla,4512
2025,04,Naranja*,1240
2025,04,Papaya*,2781
2025,04,Piña *,1992
2025,04,Tomate de árbol,1956
2025,04,Uva red globe nacional,7279
2025,04,Arracacha*,784
2025,04,Papa negra*,1470
2025,04,Papa criolla limpia,2055
2025,04,Plátano hartón verde,1864
2025,04,Yuca*,1397
2025,04,Arroz de primera,3698
2025,04,Arveja verde seca importada,4347
2025,04,Fríjol seco*,7883
2025,04,Garbanzo importado,n.d.
2025,04,Lenteja importada,7067
2025,04,Maíz blanco trillado,2450
2025,04,Huevo tipo AA**,441
2025,04,Queso costeño,20250
2025,04,"Carne de cerdo, costilla",25830
2025,04,"Carne de res, bola de pierna",32585
2025,04,Pechuga de pollo,16450
2025,04,Tilapia roja entera fresca,n.d.
2025,04,Aceite vegetal mezcla**,10855
2025,04,Azúcar sulfitada,3407
2025,04,Café molido,41007
2025,04,Galletas saladas,18401
2025,04,Harina de trigo,4400
2025,04,Harina precocida de maíz,4601
2025,04,Jugo instantáneo (sobre),52593
2025,04,Lomitos de atún en lata,26552
2025,04,Margarina,26458
2025,04,Panela*,6632
2025,04,Pastas alimenticias,7847
2025,04,Sal yodada,2317
2025,04,Salsa de tomate doy pack,22439
2025,04,Sardinas en lata,14828
2025,05,Ahuyama,1308
2025,05,Arveja verde en vaina,7771
2025,05,Cebolla cabezona blanca,2747
2025,05,Cebolla junca,2899
2025,05,Chócolo mazorca,880
2025,05,Fríjol verde*,5031
2025,05,Habichuela,4875
2025,05,Lechuga Batavia,1893
2025,05,Pepino cohombro,1666
2025,05,Pimentón,2444
2025,05,Remolacha,1945
2025,05,Tomate*,5442
2025,05,Zanahoria,2215
2025,05,Aguacate papelillo,9521
2025,05,Banano*,2614
2025,05,Coco,5379
2025,05,Granadilla,7401
2025,05,Guayaba pera,2256
2025,05,Limón Tahití,1881
2025,05,Lulo,3807
2025,05,Mandarina*,4461
2025,05,Mango Tommy,3506
2025,05,Manzana verde importada,8672
2025,05,Maracuyá,2905
2025,05,Mora de Castilla,4431
2025,05,Naranja*,1134
2025,05,Papaya*,2328
2025,05,Piña *,1885
2025,05,Tomate de árbol,2579
2025,05,Uva red globe nacional,7156
2025,05,Arracacha*,736
2025,05,Papa negra*,1059
2025,05,Papa criolla limpia,1866
2025,05,Plátano hartón verde,2209
2025,05,Yuca*,1561
2025,05,Arroz de primera,3758
2025,05,Arveja verde seca importada,4493
2025,05,Fríjol seco*,8317
2025,05,Garbanzo importado,n.d.
2025,05,Lenteja importada,7117
2025,05,Maíz blanco trillado,2442
2025,05,Huevo tipo A**,441
2025,05,Queso costeño,20500
2025,05,"Carne de cerdo, costilla",25894
2025,05,"Carne de res, chatas",42919
2025,05,Pechuga de pollo,16313
2025,05,Aceite vegetal mezcla**,11593
2025,05,Azúcar sulfitada,3658
2025,05,Café molido,43633
2025,05,Galletas saladas,18636
2025,05,Harina de trigo,4583
2025,05,Harina precocida de maíz,4828
2025,05,Jugo instantáneo (sobre),93750
2025,05,Lomitos de atún en lata,27012
2025,05,Margarina,27458
2025,05,Panela*,6823
2025,05,Pastas alimenticias,7566
2025,05,Sal yodada,2367
2025,05,Salsa de tomate doy pack,23307
2025,05,Sardinas en lata,15074
2025,06,Ahuyama,1636
2025,06,Apio,1747
2025,06,Arveja verde en vaina,7226
2025,06,Cebolla cabezona blanca,2597
2025,06,Cebolla junca,3561
2025,06,Chócolo mazorca,1220
2025,06,Fríjol verde*,4421
2025,06,Habichuela,5720
2025,06,Lechuga Batavia,1108
2025,06,Pepino cohombro,861
2025,06,Pimentón,3221
2025,06,Remolacha,2559
2025,06,Tomate*,4405
2025,06,Zanahoria,2902
2025,06,Aguacate papelillo,8371
2025,06,Banano*,2359
2025,06,Coco,5358
2025,06,Granadilla,9704
2025,06,Guayaba pera,2315
2025,06,Limón Tahití,1143
2025,06,Lulo,3775
2025,06,Mandarina*,3253
2025,06,Mango Tommy,4232
2025,06,Manzana verde importada,8476
2025,06,Maracuyá,4310
2025,06,Mora de Castilla,2842
2025,06,Naranja*,1035
2025,06,Papaya*,2061
2025,06,Piña *,1562
2025,06,Tomate de árbol,4020
2025,06,Uva red globe nacional,7704
2025,06,Arracacha*,721
2025,06,Papa negra*,828
2025,06,Papa criolla limpia,1925
2025,06,Plátano hartón verde,2335
2025,06,Yuca*,1619
2025,06,Arroz de primera,3766
2025,06,Arveja verde seca importada,4640
2025,06,Fríjol seco*,8613
2025,06,Garbanzo importado,n.d.
2025,06,Lenteja importada,7027
2025,06,Maíz blanco trillado,2400
2025,06,Huevo tipo AA**,504
2025,06,Queso costeño,20167
2025,06,"Carne de cerdo, costilla",25938
2025,06,"Carne de res, bola de pierna",34594
2025,06,Pechuga de pollo,15963
2025,06,Aceite vegetal mezcla**,12032
2025,06,Azúcar sulfitada,3780
2025,06,Café molido,45643
2025,06,Galletas saladas,19664
2025,06,Harina de trigo,4721
2025,06,Harina precocida de maíz,4694
2025,06,Jugo instantáneo (sobre),92667
2025,06,Lomitos de atún en lata,26242
2025,06,Margarina,27967
2025,06,Panela*,6972
2025,06,Pastas alimenticias,7250
2025,06,Sal yodada,2267
2025,06,Salsa de tomate doy pack,23125
2025,06,Sardinas en lata,15039
2025,07,Ahuyama,1939
2025,07,Arveja verde en vaina,6786
2025,07,Cebolla cabezona blanca,2773
2025,07,Cebolla junca,4751
2025,07,Chócolo mazorca,1609
2025,07,Fríjol verde*,4001
2025,07,Habichuela,4033
2025,07,Lechuga Batavia,1519
2025,07,Pepino cohombro,1431
2025,07,Pimentón,3157
2025,07,Remolacha,3457
2025,07,Repollo blanco,1661
2025,07,Tomate*,4327
2025,07,Zanahoria,4140
2025,07,Aguacate papelillo,7198
2025,07,Banano*,2289
2025,07,Coco,5270
2025,07,Granadilla,7512
2025,07,Guayaba pera,2713
2025,07,Limón Tahití,1352
2025,07,Lulo,3461
2025,07,Mandarina*,3113
2025,07,Mango Tommy,5955
2025,07,Manzana verde importada,8707
2025,07,Maracuyá,3856
2025,07,Mora de Castilla,3404
2025,07,Naranja*,1135
2025,07,Papaya*,2760
2025,07,Piña *,2270
2025,07,Tomate de árbol,4248
2025,07,Uva red globe nacional,11141
2025,07,Arracacha*,718
2025,07,Papa negra*,893
2025,07,Papa criolla limpia,2753
2025,07,Plátano hartón verde,2095
2025,07,Yuca*,1992
2025,07,Arroz de primera,3808
2025,07,Arveja verde seca importada,4593
2025,07,Fríjol seco*,8450
2025,07,Garbanzo importado,n.d.
2025,07,Lenteja importada,6483
2025,07,Maíz blanco trillado,2475
2025,07,Huevo tipo AA**,503
2025,07,Queso costeño,21167
2025,07,"Carne de cerdo, pernil sin hueso",25765
2025,07,"Carne de res, punta de anca",46595
2025,07,Pechuga de pollo,16270
2025,07,Aceite vegetal mezcla**,12043
2025,07,Azúcar sulfitada,3658
2025,07,Café molido,49393
2025,07,Galletas saladas,20843
2025,07,Harina de trigo,4620
2025,07,Harina precocida de maíz,4521
2025,07,Jugo instantáneo (sobre),91667
2025,07,Lomitos de atún en lata,26062
2025,07,Margarina,28300
2025,07,Panela*,7014
2025,07,Pastas alimenticias,7396
2025,07,Sal yodada,2347
2025,07,Salsa de tomate doy pack,23278
2025,07,Sardinas en lata,14910
2025,08,Ahuyama,1851
2025,08,Arveja verde en vaina,4654
2025,08,Cebolla cabezona blanca,2357
2025,08,Cebolla junca,4421
2025,08,Chócolo mazorca,1188
2025,08,Fríjol verde*,3954
2025,08,Habichuela,4842
2025,08,Lechuga Batavia,1604
2025,08,Pepino cohombro,2429
2025,08,Pimentón,2498
2025,08,Remolacha,4623
2025,08,Tomate*,4313
2025,08,Zanahoria,4611
2025,08,Aguacate papelillo,6967
2025,08,Banano*,2183
2025,08,Coco,5291
2025,08,Granadilla,7198
2025,08,Guayaba pera,1925
2025,08,Limón Tahití,2318
2025,08,Lulo,3532
2025,08,Mandarina*,3429
2025,08,Mango Tommy,9658
2025,08,Manzana royal gala importada,8358
2025,08,Maracuyá,4154
2025,08,Mora de Castilla,3507
2025,08,Naranja*,1349
2025,08,Papaya*,2790
2025,08,Piña *,2392
2025,08,Tomate de árbol,3449
2025,08,Uva red globe nacional,13251
2025,08,Arracacha*,1022
2025,08,Papa negra*,674
2025,08,Papa criolla limpia,3310
2025,08,Plátano hartón verde,1836
2025,08,Yuca*,2344
2025,08,Arroz de primera,3767
2025,08,Arveja verde seca importada,4520
2025,08,Fríjol seco*,8250
2025,08,Garbanzo importado,n.d.
2025,08,Lenteja importada,6550
2025,08,Maíz blanco trillado,2342
2025,08,Huevo tipo AA**,479
2025,08,Queso costeño,22667
2025,08,"Carne de cerdo, lomo sin hueso",26413
2025,08,"Carne de res, muchacho",31750
2025,08,Pechuga de pollo,16138
2025,08,Aceite vegetal mezcla**,12100
2025,08,Azúcar sulfitada,3483
2025,08,Café molido,50133
2025,08,Galletas saladas,20480
2025,08,Harina de trigo,4800
2025,08,Harina precocida de maíz,4808
2025,08,Jugo instantáneo (sobre),90833
2025,08,Lomitos de atún en lata,27625
2025,08,Margarina,27875
2025,08,Panela*,7045
2025,08,Pastas alimenticias,7326
2025,08,Sal yodada,2380
2025,08,Salsa de tomate doy pack,23235
2025,08,Sardinas en lata,15237
2025,09,Ahuyama,1567
2025,09,Arveja verde en vaina,4669
2025,09,Cebolla cabezona blanca,2357
2025,09,Cebolla junca,3823
2025,09,Chócolo mazorca,1848
2025,09,Fríjol verde*,5313
2025,09,Habichuela,3244
2025,09,Lechuga Batavia,1486
2025,09,Pepino cohombro,2390
2025,09,Pimentón,3432
2025,09,Remolacha,3328
2025,09,Repollo blanco,3328
2025,09,Tomate*,2976
2025,09,Zanahoria,4498
2025,09,Aguacate papelillo,8404
2025,09,Banano*,2275
2025,09,Coco,5193
2025,09,Granadilla,7395
2025,09,Guayaba pera,2237
2025,09,Limón Tahití,3551
2025,09,Lulo,3718
2025,09,Mandarina*,3399
2025,09,Mango Tommy,7224
2025,09,Manzana royal gala importada,8338
2025,09,Maracuyá,4814
2025,09,Mora de Castilla,3837
2025,09,Naranja*,1670
2025,09,Papaya*,2950
2025,09,Piña *,2568
2025,09,Tomate de árbol,2356
2025,09,Uva red globe nacional,12867
2025,09,Arracacha*,1417
2025,09,Papa negra*,758
2025,09,Papa criolla limpia,4188
2025,09,Plátano hartón verde,1764
2025,09,Yuca*,2614
2025,09,Arroz de primera,3706
2025,09,Arveja verde seca importada,4539
2025,09,Fríjol seco*,8040
2025,09,Garbanzo importado,n.d.
2025,09,Lenteja importada,6373
2025,09,Maíz blanco trillado,2413
2025,09,Huevo tipo AA**,476
2025,09,Queso costeño,23000
2025,09,"Carne de cerdo, lomo sin hueso",26115
2025,09,"Carne de res, centro de pierna",n.d.
2025,09,Pechuga de pollo,16470
2025,09,Aceite vegetal mezcla**,12235
2025,09,Azúcar sulfitada,3447
2025,09,Café molido,51483
2025,09,Galletas saladas,19962
2025,09,Harina de trigo,4773
2025,09,Harina precocida de maíz,4852
2025,09,Jugo instantáneo (sobre),91000
2025,09,Lomitos de atún en lata,26863
2025,09,Margarina,28100
2025,09,Panela*,7044
2025,09,Pastas alimenticias,7469
2025,09,Sal yodada,2389
2025,09,Salsa de tomate doy pack,23310
2025,09,Sardinas en lata,15209
2025,10,Ahuyama,1489
2025,10,Arveja verde en vaina,3400
2025,10,Cebolla cabezona blanca,1996
2025,10,Cebolla junca,2938
2025,10,Chócolo mazorca,1687
2025,10,Fríjol verde*,5077
2025,10,Habichuela,2240
2025,10,Lechuga Batavia,943
2025,10,Pepino cohombro,2386
2025,10,Pimentón,3669
2025,10,Remolacha,2341
2025,10,Repollo blanco,2341
2025,10,Tomate*,2363
2025,10,Zanahoria,3333
2025,10,Aguacate papelillo,8917
2025,10,Banano*,1923
2025,10,Coco,5172
2025,10,Granadilla,7370
2025,10,Guayaba pera,2265
2025,10,Limón Tahití,2851
2025,10,Lulo,4381
2025,10,Mandarina*,3612
2025,10,Mango Tommy,4426
2025,10,Manzana royal gala importada,8036
2025,10,Maracuyá,4792
2025,10,Mora de Castilla,4579
2025,10,Naranja*,1727
2025,10,Papaya*,3021
2025,10,Piña *,2379
2025,10,Tomate de árbol,2343
2025,10,Uva red globe nacional,14097
2025,10,Arracacha*,2564
2025,10,Papa negra*,682
2025,10,Papa criolla limpia,4423
2025,10,Plátano hartón verde,1871
2025,10,Yuca*,2653
2025,10,Arroz de primera,3648
2025,10,Arveja verde seca importada,4560
2025,10,Fríjol seco*,7700
2025,10,Garbanzo importado,n.d.
2025,10,Lenteja importada,6450
2025,10,Maíz blanco trillado,2517
2025,10,Huevo tipo A**,428
2025,10,Queso costeño,25417
2025,10,"Carne de cerdo, lomo sin hueso",26494
2025,10,"Carne de res, bola de pierna",35081
2025,10,Pechuga de pollo,16740
2025,10,Aceite vegetal mezcla**,12250
2025,10,Azúcar sulfitada,3253
2025,10,Café molido,52227
2025,10,Galletas saladas,19097
2025,10,Harina de trigo,4567
2025,10,Harina precocida de maíz,4653
2025,10,Jugo instantáneo (sobre),92917
2025,10,Lomitos de atún en lata,26103
2025,10,Margarina,29042
2025,10,Panela*,7069
2025,10,Pastas alimenticias,7778
2025,10,Sal yodada,2460
2025,10,Salsa de tomate doy pack,23929
2025,10,Sardinas en lata,15200
2025,11,Ahuyama,1382
2025,11,Arveja verde en vaina,3284
2025,11,Cebolla cabezona blanca,1636
2025,11,Cebolla junca,1684
2025,11,Chócolo mazorca,1327
2025,11,Fríjol verde*,4885
2025,11,Habichuela,2699
2025,11,Lechuga Batavia,919
2025,11,Pepino cohombro,1425
2025,11,Pimentón,2629
2025,11,Remolacha,1544
2025,11,Repollo blanco,1544
2025,11,Tomate*,1981
2025,11,Zanahoria,2418
2025,11,Aguacate papelillo,9982
2025,11,Banano*,1918
2025,11,Coco,5013
2025,11,Granadilla,6542
2025,11,Guayaba pera,2893
2025,11,Limón Tahití,1484
2025,11,Lulo,4178
2025,11,Mandarina*,3514
2025,11,Mango Tommy,2475
2025,11,Manzana royal gala importada,8210
2025,11,Maracuyá,4676
2025,11,Mora de Castilla,5019
2025,11,Naranja*,1744
2025,11,Papaya*,2056
2025,11,Piña *,2027
2025,11,Tomate de árbol,2030
2025,11,Uva red globe nacional,13242
2025,11,Arracacha*,2095
2025,11,Papa negra*,937
2025,11,Papa criolla limpia,3038
2025,11,Plátano hartón verde,2202
2025,11,Yuca*,2529
2025,11,Arroz de primera,3577
2025,11,Arveja verde seca importada,4600
2025,11,Fríjol seco*,7633
2025,11,Garbanzo importado,n.d.
2025,11,Lenteja importada,5967
2025,11,Maíz blanco trillado,2492
2025,11,Huevo tipo B**,n.d.
2025,11,Queso costeño,23750
2025,11,"Carne de cerdo, lomo sin hueso",26769
2025,11,"Carne de res, punta de anca",47713
2025,11,Pechuga de pollo,16013
2025,11,Aceite vegetal mezcla**,12380
2025,11,Azúcar sulfitada,3175
2025,11,Café molido,51533
2025,11,Galletas saladas,19578
2025,11,Harina de trigo,4668
2025,11,Harina precocida de maíz,4444
2025,11,Jugo instantáneo (sobre),91667
2025,11,Lomitos de atún en lata,25408
2025,11,Margarina,28808
2025,11,Panela*,7226
2025,11,Pastas alimenticias,7778
2025,11,Sal yodada,2453
2025,11,Salsa de tomate doy pack,24277
2025,11,Sardinas en lata,15000
2025,12,Ahuyama,1301
2025,12,Arveja verde en vaina,4038
2025,12,Cebolla cabezona blanca,1365
2025,12,Cebolla junca,2204
2025,12,Chócolo mazorca,1331
2025,12,Fríjol verde*,3947
2025,12,Habichuela,3955
2025,12,Lechuga Batavia,1231
2025,12,Pepino cohombro,1899
2025,12,Pimentón,3850
2025,12,Remolacha,1819
2025,12,Repollo blanco,1819
2025,12,Tomate*,2830
2025,12,Zanahoria,2219
2025,12,Aguacate papelillo,10400
2025,12,Banano*,2002
2025,12,Coco,4678
2025,12,Granadilla,7672
2025,12,Guayaba pera,2123
2025,12,Limón Tahití,1070
2025,12,Lulo,4313
2025,12,Mandarina*,4038
2025,12,Mango Tommy,2137
2025,12,Manzana royal gala importada,8748
2025,12,Maracuyá,4310
2025,12,Mora de Castilla,4993
2025,12,Naranja*,1945
2025,12,Papaya*,2141
2025,12,Pera importada,8229
2025,12,Piña gold,2362
2025,12,Tomate de árbol,2359
2025,12,Uva red globe nacional,12863
2025,12,Arracacha*,2151
2025,12,Papa negra*,1119
2025,12,Papa criolla limpia,2556
2025,12,Plátano hartón verde,2170
2025,12,Yuca*,2513
2025,12,Arroz de primera,3611
2025,12,Arveja verde seca importada,4539
2025,12,Fríjol seco*,7440
2025,12,Garbanzo importado,n.d.
2025,12,Lenteja importada,5120
2025,12,Maíz blanco trillado,2513
2025,12,Huevo tipo B**,n.d.
2025,12,Queso costeño,25400
2025,12,"Carne de cerdo, lomo sin hueso",26510
2025,12,"Carne de res, muchacho",32680
2025,12,Pechuga de pollo,15710
2025,12,Aceite vegetal mezcla**,12386
2025,12,Azúcar sulfitada,3080
2025,12,Café molido,52280
2025,12,Galletas saladas,19876
2025,12,Harina de trigo,4664
2025,12,Harina precocida de maíz,4724
2025,12,Jugo instantáneo (sobre),92000
2025,12,Lomitos de atún en lata,25000
2025,12,Margarina,29587
2025,12,Panela*,7072
2025,12,Pastas alimenticias,7917
2025,12,Sal yodada,2555
2025,12,Salsa de tomate doy pack,22653
2025,12,Sardinas en lata,15059
2026,01,Ahuyama,1115
2026,01,Arveja verde en vaina,3187
2026,01,Cebolla cabezona blanca,1344
2026,01,Cebolla junca,2504
2026,01,Chócolo mazorca,1251
2026,01,Fríjol verde*,3742
2026,01,Habichuela,4931
2026,01,Lechuga Batavia,1189
2026,01,Pepino cohombro,2634
2026,01,Pimentón,3361
2026,01,Remolacha,2501
2026,01,Repollo blanco,2501
2026,01,Tomate*,3498
2026,01,Zanahoria,1766
2026,01,Aguacate papelillo,10979
2026,01,Banano*,2010
2026,01,Coco,4588
2026,01,Granadilla,7417
2026,01,Guayaba pera,1509
2026,01,Limón común,1413
2026,01,Lulo,4500
2026,01,Mandarina*,4952
2026,01,Mango Tommy,2541
2026,01,Manzana royal gala importada,8873
2026,01,Maracuyá,4083
2026,01,Mora de Castilla,5146
2026,01,Naranja*,2260
2026,01,Papaya*,2278
2026,01,Piña gold,2886
2026,01,Tomate de árbol,2633
2026,01,Uva red globe nacional,9327
2026,01,Arracacha*,2713
2026,01,Papa negra*,1504
2026,01,Papa criolla limpia,2360
2026,01,Plátano hartón verde,2394
2026,01,Yuca*,2641
2026,01,Arroz de primera,3518
2026,01,Arveja verde seca importada,4540
2026,01,Fríjol seco*,7500
2026,01,Garbanzo importado,n.d.
2026,01,Lenteja importada,4800
2026,01,Maíz blanco trillado,2533
2026,01,Huevo tipo AA**,446
2026,01,Queso costeño,26583
2026,01,"Carne de cerdo, lomo sin hueso",26619
2026,01,"Carne de res, lomo fino",n.d.
2026,01,Pechuga de pollo,16175
2026,01,Aceite vegetal mezcla**,12617
2026,01,Azúcar sulfitada,3162
2026,01,Café molido,50767
2026,01,Galletas saladas,19745
2026,01,Harina de trigo,4467
2026,01,Harina precocida de maíz,4846
2026,01,Jugo instantáneo (sobre),92500
2026,01,Lomitos de atún en lata,26042
2026,01,Margarina,29833
2026,01,Panela*,7167
2026,01,Pastas alimenticias,8194
2026,01,Sal yodada,2600
2026,01,Salsa de tomate doy pack,22917
2026,01,Sardinas en lata,14951
2026,02,Ahuyama,1192
2026,02,Arveja verde en vaina,4685
2026,02,Cebolla cabezona blanca,1362
2026,02,Cebolla junca,2849
2026,02,Chócolo mazorca,1936
2026,02,Fríjol verde*,4231
2026,02,Habichuela,4446
2026,02,Lechuga Batavia,831
2026,02,Pepino cohombro,2273
2026,02,Pimentón,3564
2026,02,Remolacha,2709
2026,02,Repollo blanco,2709
2026,02,Tomate*,4021
2026,02,Zanahoria,1641
2026,02,Aguacate papelillo,11368
2026,02,Banano*,2358
2026,02,Coco,4566
2026,02,Granadilla,8639
2026,02,Guayaba pera,1859
2026,02,Limón común,1314
2026,02,Lulo,4600
2026,02,Mandarina*,5211
2026,02,Mango Tommy,3138
2026,02,Manzana royal gala importada,9360
2026,02,Maracuyá,4964
2026,02,Mora de Castilla,4971
2026,02,Naranja*,1727
2026,02,Papaya*,2652
2026,02,Piña gold,2734
2026,02,Tomate de árbol,2792
2026,02,Uva red globe nacional,7260
2026,02,Arracacha*,2872
2026,02,Papa negra*,1559
2026,02,Papa criolla limpia,2386
2026,02,Plátano hartón verde,2649
2026,02,Yuca*,2439
2026,02,Arroz de primera,3482
2026,02,Arveja verde seca importada,4507
2026,02,Fríjol seco*,7650
2026,02,Garbanzo importado,n.d.
2026,02,Lenteja importada,5117
2026,02,Maíz blanco trillado,2533
2026,02,Huevo tipo AA**,446
2026,02,Queso costeño,24417
2026,02,"Carne de cerdo, lomo sin hueso",26700
2026,02,"Carne de res, bola de pierna",38363
2026,02,Pechuga de pollo,16250
2026,02,Aceite vegetal mezcla**,12749
2026,02,Azúcar sulfitada,3155
2026,02,Café molido,50267
2026,02,Galletas saladas,19533
2026,02,Harina de trigo,4443
2026,02,Harina precocida de maíz,4619
2026,02,Jugo instantáneo (sobre),92917
2026,02,Lomitos de atún en lata,24203
2026,02,Margarina,29767
2026,02,Panela*,7340
2026,02,Pastas alimenticias,8333
2026,02,Sal yodada,2500
2026,02,Salsa de tomate doy pack,21586
2026,02,Sardinas en lata,14257
2026,03,Ahuyama,1240
2026,03,Arveja verde en vaina,5411
2026,03,Cebolla cabezona blanca,1484
2026,03,Cebolla junca,3720
2026,03,Chócolo mazorca,1718
2026,03,Fríjol verde*,4474
2026,03,Habichuela,5111
2026,03,Lechuga Batavia,1059
2026,03,Pepino cohombro,897
2026,03,Pimentón,3266
2026,03,Remolacha,2556
2026,03,Repollo blanco,2556
2026,03,Tomate*,4741
2026,03,Zanahoria,2074
2026,03,Aguacate papelillo,10215
2026,03,Banano*,2295
2026,03,Coco,4668
2026,03,Granadilla,8519
2026,03,Guayaba pera,2512
2026,03,Limón Tahití,2595
2026,03,Lulo,4829
2026,03,Mandarina*,5674
2026,03,Mango Tommy,4337
2026,03,Manzana royal gala importada,7844
2026,03,Maracuyá,6604
2026,03,Mora de Castilla,5089
2026,03,Naranja*,1734
2026,03,Papaya*,2775
2026,03,Pera importada,7554
2026,03,Piña gold,2947
2026,03,Tomate de árbol,3665
2026,03,Uva red globe nacional,7870
2026,03,Arracacha*,3317
2026,03,Papa negra*,1517
2026,03,Papa criolla limpia,3479
2026,03,Plátano hartón verde,2624
2026,03,Yuca*,2322
2026,03,Arroz de primera,3431
2026,03,Arveja verde seca importada,4427
2026,03,Fríjol seco*,7653
2026,03,Garbanzo importado,n.d.
2026,03,Lenteja importada,4840
2026,03,Maíz blanco trillado,2533
2026,03,Huevo tipo A**,388
2026,03,Queso costeño,20000
2026,03,"Carne de cerdo, lomo sin hueso",26765
2026,03,"Carne de res, lomo fino",n.d.
2026,03,Pechuga de pollo,16180
2026,03,Aceite vegetal mezcla**,12157
2026,03,Azúcar sulfitada,3217
2026,03,Café molido,51173
2026,03,Galletas saladas,19499
2026,03,Harina de trigo,4499
2026,03,Harina precocida de maíz,4489
2026,03,Jugo instantáneo (sobre),91667
2026,03,Lomitos de atún en lata,23448
2026,03,Margarina,30320
2026,03,Panela*,7372
2026,03,Pastas alimenticias,8472
2026,03,Sal yodada,2549
2026,03,Salsa de tomate doy pack,20833
2026,03,Sardinas en lata,13889
2026,04,Ahuyama,1221
2026,04,Arveja verde en vaina,4704
2026,04,Cebolla cabezona blanca,2173
2026,04,Cebolla junca,3358
2026,04,Chócolo mazorca,1499
2026,04,Fríjol verde*,4480
2026,04,Habichuela,4415
2026,04,Lechuga Batavia,1096
2026,04,Pepino cohombro,910
2026,04,Pimentón,3239
2026,04,Remolacha,2396
2026,04,Repollo blanco,2396
2026,04,Tomate*,4540
2026,04,Zanahoria,2498
2026,04,Aguacate papelillo,10924
2026,04,Banano*,2265
2026,04,Coco,4596
2026,04,Granadilla,7123
2026,04,Guayaba pera,2393
2026,04,Limón Tahití,4443
2026,04,Lulo,5431
2026,04,Mandarina*,5180
2026,04,Mango Tommy,3977
2026,04,Manzana verde importada,9286
2026,04,Maracuyá,4875
2026,04,Mora de Castilla,6992
2026,04,Naranja*,1602
2026,04,Papaya*,2401
2026,04,Pera importada,6529
2026,04,Piña gold,2418
2026,04,Tomate de árbol,3882
2026,04,Uva red globe nacional,8385
2026,04,Arracacha*,3300
2026,04,Papa negra*,1566
2026,04,Papa criolla limpia,4863
2026,04,Plátano hartón verde,2394
2026,04,Yuca*,2345
2026,04,Arroz de primera,3393
2026,04,Arveja verde seca importada,4507
2026,04,Fríjol seco*,7797
2026,04,Garbanzo importado,n.d.
2026,04,Lenteja importada,5550
2026,04,Maíz blanco trillado,2492
2026,04,Huevo tipo A**,435
2026,04,Queso costeño,21417
2026,04,"Carne de cerdo, lomo sin hueso",26575
2026,04,"Carne de res, bola de pierna",39138
2026,04,Pechuga de pollo,15713
2026,04,Aceite vegetal mezcla**,12444
2026,04,Azúcar sulfitada,3232
2026,04,Café molido,50133
2026,04,Galletas saladas,19764
2026,04,Harina de trigo,4350
2026,04,Harina precocida de maíz,4514
2026,04,Jugo instantáneo (sobre),93125
2026,04,Lomitos de atún en lata,23182
2026,04,Margarina,30583
2026,04,Mayonesa doy pack,20833
2026,04,Panela*,7340
2026,04,Pastas alimenticias,8646
2026,04,Sal yodada,2580
2026,04,Salsa de tomate doy pack,20833
2026,04,Sardinas en lata,14052
2026,05,Ahuyama,1205
2026,05,Arveja verde en vaina,4504
2026,05,Cebolla cabezona blanca,2196
2026,05,Cebolla junca,3857
2026,05,Chócolo mazorca,1374
2026,05,Fríjol verde*,5644
2026,05,Habichuela,3485
2026,05,Lechuga Batavia,974
2026,05,Pepino cohombro,1033
2026,05,Pimentón,3138
2026,05,Remolacha,1655
2026,05,Repollo blanco,1004
2026,05,Tomate*,3076
2026,05,Zanahoria,3529
2026,05,Aguacate papelillo,10904
2026,05,Banano*,2213
2026,05,Coco,4583
2026,05,Granadilla,7785
2026,05,Guayaba pera,2772
2026,05,Limón Tahití,3695
2026,05,Lulo,5925
2026,05,Mandarina*,4294
2026,05,Mango Tommy,5001
2026,05,Manzana verde importada,8657
2026,05,Maracuyá,6167
2026,05,Mora de Castilla,5702
2026,05,Naranja*,1623
2026,05,Papaya*,1763
2026,05,Piña gold,2348
2026,05,Tomate de árbol,4274
2026,05,Uva red globe nacional,8675
2026,05,Arracacha*,4712
2026,05,Papa negra*,1616
2026,05,Papa criolla limpia,5168
2026,05,Plátano hartón verde,2286
2026,05,Yuca*,2311
2026,05,Arroz de primera,3402
2026,05,Arveja verde seca importada,4573
2026,05,Fríjol seco*,8713
2026,05,Garbanzo importado,n.d.
2026,05,Lenteja importada,5353
2026,05,Maíz blanco trillado,2433
2026,05,Huevo tipo A**,441
2026,05,Queso costeño,22708
2026,05,"Carne de cerdo, lomo sin hueso",26431
2026,05,"Carne de res, chatas",48744
2026,05,Pechuga de pollo,16225
2026,05,Aceite vegetal mezcla**,12424
2026,05,Azúcar sulfitada,3170
2026,05,Café instantáneo,255000
2026,05,Café molido,50283
2026,05,Galletas saladas,20176
2026,05,Harina de trigo,4407
2026,05,Harina precocida de maíz,4500
2026,05,Jugo instantáneo (sobre),95000
2026,05,Lomitos de atún en lata,23489
2026,05,Margarina,31167
2026,05,Panela*,7236
2026,05,Pastas alimenticias,8576
2026,05,Sal yodada,2593
2026,05,Salsa de tomate doy pack,20833
2026,05,Sardinas en lata,14379
2026,06,Ahuyama,1313
2026,06,Ajo importado,5545
2026,06,Arveja verde en vaina,4890
2026,06,Cebolla cabezona blanca,3298
2026,06,Cebolla junca,3873
2026,06,Chócolo mazorca,1114
2026,06,Fríjol verde*,5023
2026,06,Habichuela,4794
2026,06,Lechuga Batavia,1140
2026,06,Pepino cohombro,1195
2026,06,Pimentón,3175
2026,06,Remolacha,1636
2026,06,Repollo blanco,1299
2026,06,Tomate*,3408
2026,06,Zanahoria,3238
2026,06,Aguacate papelillo,9028
2026,06,Banano*,2320
2026,06,Coco,4641
2026,06,Granadilla,9042
2026,06,Guayaba pera,3532
2026,06,Limón Tahití,2581
2026,06,Lulo,5499
2026,06,Mandarina*,4914
2026,06,Mango Tommy,6840
2026,06,Manzana royal gala importada,7478
2026,06,Maracuyá,5563
2026,06,Mora de Castilla,5081
2026,06,Naranja*,1805
2026,06,Papaya*,1939
2026,06,Piña gold,2196
2026,06,Tomate de árbol,5086
2026,06,Uva red globe nacional,8991
2026,06,Arracacha*,5051
2026,06,Papa negra*,2025
2026,06,Papa criolla limpia,4771
2026,06,Plátano hartón verde,1999
2026,06,Yuca*,2200
2026,06,Arroz de primera,3447
2026,06,Arveja verde seca importada,4560
2026,06,Fríjol seco*,8752
2026,06,Garbanzo importado,n.d.
2026,06,Lenteja importada,5643
2026,06,Maíz blanco trillado,2460
2026,06,Huevo tipo A**,438
2026,06,Queso costeño,21333
2026,06,"Carne de cerdo, brazo sin hueso",21245
2026,06,"Carne de res, bola de brazo",37000
2026,06,Pechuga de pollo,16160
2026,06,Aceite vegetal mezcla**,12767
2026,06,Azúcar sulfitada,3240
2026,06,Café molido,50995
2026,06,Galletas saladas,20629
2026,06,Harina de trigo,4443
2026,06,Harina precocida de maíz,4322
2026,06,Jugo instantáneo (sobre),97000
2026,06,Lomitos de atún en lata,22998
2026,06,Margarina,32400
2026,06,Panela*,7108
2026,06,Pastas alimenticias,8875
2026,06,Sal yodada,2699
2026,06,Salsa de tomate doy pack,20833
2026,06,Sardinas en lata,14118
